Employee ID,Working Hours,Overtime Hours,Number of Tasks,Meeting Hours,Leave Count,Satisfaction Score,Project Deadlines,Code Commits,Work-Life Balance Rating,Response Time,Raw Stress Score,Stress Level
DEV0001,8.9,1.1,5,7.4,13,7,3,22,3,40,3.3,Medium
DEV0002,8.0,0.2,5,9.8,11,8,0,20,3,25,2.877,Low
DEV0003,9.2,1.4,8,10.1,12,6,2,42,2,47,4.263,Medium
DEV0004,10.5,2.9,9,12.7,14,5,3,33,1,39,5.916,High
DEV0005,7.8,0.0,3,10.7,19,10,2,41,4,32,1.712,Low
DEV0006,7.8,0.2,7,18.4,16,8,3,17,5,30,3.889,Medium
DEV0007,10.6,3.1,4,10.8,12,6,3,26,1,23,4.08,Medium
DEV0008,9.4,1.6,6,5.7,18,6,2,14,3,31,4.022,Medium
DEV0009,7.5,0.3,5,18.7,13,8,2,14,3,28,3.534,Medium
DEV0010,9.0,1.9,9,11.2,17,8,2,39,3,46,4.833,Medium
DEV0011,7.5,0.0,6,13.3,13,10,2,16,5,34,2.941,Low
DEV0012,7.5,0.0,3,14.0,16,10,3,36,4,41,2.34,Low
DEV0013,8.6,0.8,5,14.0,13,6,2,13,2,57,3.823,Medium
DEV0014,5.3,0.0,3,17.3,15,10,3,8,4,19,1.711,Low
DEV0015,5.6,0.4,2,13.6,14,10,2,14,5,23,1.625,Low
DEV0016,7.4,0.2,4,8.1,19,9,2,20,4,24,2.056,Low
DEV0017,6.7,0.1,4,23.3,12,8,3,26,3,26,3.292,Medium
DEV0018,8.7,0.4,8,15.8,10,8,2,27,3,14,3.967,Medium
DEV0019,6.8,0.3,4,11.7,23,8,3,16,4,32,2.278,Low
DEV0020,6.1,0.0,3,16.6,19,10,2,17,5,12,2.454,Low
DEV0021,10.4,2.9,12,18.4,2,7,3,24,2,36,6.983,High
DEV0022,7.9,0.3,3,13.8,11,9,2,14,5,50,2.651,Low
DEV0023,8.3,1.3,3,24.3,6,9,2,15,4,23,4.01,Medium
DEV0024,6.1,0.0,5,11.6,11,10,3,26,4,26,1.923,Low
DEV0025,7.4,0.0,4,10.8,1,10,3,6,3,34,1.913,Low
DEV0026,8.4,1.0,6,14.2,13,10,3,35,2,27,3.615,Medium
DEV0027,6.5,0.6,3,17.2,10,10,1,16,4,27,2.765,Low
DEV0028,8.8,1.8,6,6.1,13,7,5,17,2,33,3.231,Medium
DEV0029,7.3,0.2,7,4.4,8,7,1,26,5,34,2.653,Low
DEV0030,7.8,0.1,7,11.3,14,9,3,33,5,19,3.0,Low
DEV0031,7.3,0.4,6,5.4,12,10,3,29,4,33,1.926,Low
DEV0032,11.0,3.1,7,12.1,17,6,1,32,1,23,5.567,High
DEV0033,8.2,0.9,4,14.9,19,9,2,31,3,38,2.868,Low
DEV0034,6.6,0.3,1,6.1,18,9,2,5,5,14,1.143,Low
DEV0035,9.4,2.3,6,6.5,11,4,4,20,2,58,4.476,Medium
DEV0036,6.4,0.8,5,13.3,23,9,2,11,5,25,2.582,Low
DEV0037,8.5,1.2,7,18.5,7,7,2,32,3,24,4.819,Medium
DEV0038,5.3,0.1,2,2.7,10,10,0,13,5,30,0.31,Low
DEV0039,6.2,0.2,3,15.9,15,10,4,25,4,34,2.333,Low
DEV0040,8.5,0.3,5,17.1,22,10,1,27,3,20,3.016,Low
DEV0041,9.3,1.5,8,19.6,12,7,3,17,3,44,5.18,Medium
DEV0042,8.5,0.8,8,20.9,12,8,3,18,4,10,4.786,Medium
DEV0043,8.0,0.1,3,22.8,8,8,2,32,3,19,3.166,Low
DEV0044,7.7,0.2,6,11.8,18,9,3,15,3,41,2.713,Low
DEV0045,6.0,0.0,5,13.5,19,9,4,18,4,26,2.187,Low
DEV0046,7.1,0.4,4,10.3,17,9,2,13,4,10,2.43,Low
DEV0047,7.5,0.2,7,14.2,11,9,3,18,3,22,3.169,Low
DEV0048,9.8,2.3,13,25.5,9,6,4,25,1,31,7.186,High
DEV0049,8.7,1.1,6,6.9,8,8,3,17,3,31,3.283,Medium
DEV0050,5.6,0.2,3,7.5,16,10,1,9,3,21,0.746,Low
DEV0051,8.7,1.5,5,19.9,9,5,3,25,4,46,4.486,Medium
DEV0052,7.6,0.0,6,18.7,9,10,4,14,4,24,3.278,Medium
DEV0053,7.2,0.1,5,11.2,12,8,3,13,3,46,2.41,Low
DEV0054,9.1,1.5,8,19.1,11,6,2,16,2,45,5.058,Medium
DEV0055,9.7,1.7,6,15.3,10,5,2,24,3,49,5.095,Medium
DEV0056,9.6,1.8,8,22.3,14,7,3,32,2,48,5.845,High
DEV0057,6.9,0.1,7,14.6,15,9,1,31,4,25,3.308,Medium
DEV0058,7.7,0.4,6,18.7,13,7,4,15,4,24,4.282,Medium
DEV0059,8.7,1.3,8,28.0,14,8,3,40,3,45,5.918,High
DEV0060,9.7,2.3,7,17.2,8,4,3,17,1,50,5.264,High
DEV0061,7.5,0.4,7,14.4,14,9,2,29,3,30,3.46,Medium
DEV0062,7.9,0.2,6,17.2,14,9,1,16,4,22,3.424,Medium
DEV0063,6.5,0.3,3,10.0,9,10,1,12,5,18,1.461,Low
DEV0064,6.4,0.2,4,24.3,19,10,2,12,3,33,3.302,Medium
DEV0065,9.4,2.0,6,14.5,9,5,3,24,3,54,4.524,Medium
DEV0066,10.2,2.5,7,12.8,12,6,3,31,2,48,4.69,Medium
DEV0067,8.1,0.0,6,9.4,18,8,3,27,4,40,3.097,Low
DEV0068,9.7,2.1,8,20.3,16,7,2,17,2,42,5.658,High
DEV0069,8.7,1.8,4,16.7,13,7,3,15,1,38,4.067,Medium
DEV0070,7.2,0.4,6,11.1,13,9,4,13,4,27,2.574,Low
DEV0071,8.7,1.6,8,17.7,17,7,3,22,2,49,5.049,Medium
DEV0072,10.5,3.5,7,6.7,14,4,3,25,1,45,5.256,High
DEV0073,8.1,0.6,3,12.7,11,9,2,14,2,32,2.637,Low
DEV0074,10.5,3.1,8,17.1,8,6,1,29,2,32,5.645,High
DEV0075,4.3,0.1,1,19.1,8,10,1,32,5,18,1.335,Low
DEV0076,9.4,1.8,8,10.9,13,6,3,20,3,38,4.838,Medium
DEV0077,8.3,1.0,6,7.2,13,7,2,19,4,28,3.475,Medium
DEV0078,7.8,0.4,2,6.7,18,7,2,26,3,44,2.025,Low
DEV0079,8.3,0.7,6,6.9,15,8,4,18,3,19,2.87,Low
DEV0080,5.2,0.1,2,17.9,21,9,3,21,4,29,1.938,Low
DEV0081,7.9,0.2,7,21.9,11,10,4,16,3,26,4.055,Medium
DEV0082,8.7,1.4,5,14.6,17,6,2,38,2,22,4.034,Medium
DEV0083,10.4,2.3,12,23.3,9,6,2,29,2,36,6.531,High
DEV0084,7.4,0.0,2,11.9,17,10,2,15,4,27,2.049,Low
DEV0085,7.0,0.1,7,13.7,8,10,2,15,3,29,3.249,Medium
DEV0086,7.4,0.0,5,11.3,15,9,4,16,5,26,2.428,Low
DEV0087,9.6,1.9,9,13.8,4,5,4,36,2,51,5.227,High
DEV0088,8.7,1.1,7,6.5,12,6,3,13,3,39,3.653,Medium
DEV0089,7.4,0.1,8,16.1,16,10,4,15,3,25,3.412,Medium
DEV0090,9.0,2.1,7,14.0,11,9,1,19,1,31,4.319,Medium
DEV0091,8.3,0.9,5,16.7,9,7,3,22,3,46,3.951,Medium
DEV0092,9.7,2.3,10,16.5,16,5,2,23,3,38,5.861,High
DEV0093,7.1,0.3,4,11.6,14,6,2,8,3,36,2.686,Low
DEV0094,7.7,0.0,6,9.2,12,8,2,18,5,26,3.003,Low
DEV0095,7.6,0.4,8,15.2,14,9,3,20,4,25,3.8,Medium
DEV0096,6.0,0.2,2,14.9,26,10,2,12,4,39,1.942,Low
DEV0097,8.6,1.4,8,9.1,18,8,4,28,3,38,3.576,Medium
DEV0098,8.6,0.7,5,13.4,18,8,2,30,5,21,3.828,Medium
DEV0099,8.2,0.1,6,14.8,15,8,3,21,3,26,3.211,Medium
DEV0100,7.8,0.4,6,10.0,14,8,3,23,4,36,3.162,Low
DEV0101,6.1,0.3,1,7.7,5,10,0,2,4,15,0.478,Low
DEV0102,7.6,0.0,4,13.6,11,9,1,17,4,21,2.482,Low
DEV0103,7.7,0.0,8,9.1,12,6,3,29,5,54,3.932,Medium
DEV0104,7.0,0.4,6,15.3,7,8,4,16,4,26,3.476,Medium
DEV0105,8.0,0.0,5,8.5,9,7,3,16,4,46,2.741,Low
DEV0106,8.8,2.0,7,19.5,5,6,1,41,4,53,5.086,Medium
DEV0107,11.0,3.1,9,27.1,11,6,3,42,1,33,7.25,High
DEV0108,8.5,1.3,9,11.1,16,7,5,26,3,28,4.423,Medium
DEV0109,8.6,1.0,6,16.3,17,8,3,32,3,30,4.26,Medium
DEV0110,8.1,0.8,6,10.0,15,10,2,4,3,14,2.699,Low
DEV0111,5.3,0.1,5,18.2,12,10,3,10,4,26,2.108,Low
DEV0112,8.2,0.6,5,6.7,6,10,3,18,4,22,2.281,Low
DEV0113,8.3,0.8,9,17.8,6,7,2,20,4,40,4.739,Medium
DEV0114,11.9,4.0,8,10.4,5,4,3,25,1,62,5.95,High
DEV0115,7.9,0.3,8,13.8,10,8,2,2,5,41,3.87,Medium
DEV0116,8.7,1.0,6,8.4,12,8,3,26,4,37,3.207,Medium
DEV0117,8.1,0.5,5,17.1,9,9,2,26,4,9,3.501,Medium
DEV0118,6.4,0.0,1,6.4,16,10,2,31,4,29,0.581,Low
DEV0119,9.9,1.4,8,17.6,11,6,2,19,2,58,5.507,High
DEV0120,9.3,1.7,6,11.9,13,5,2,17,2,14,4.257,Medium
DEV0121,9.4,2.9,6,13.0,17,9,3,3,3,35,3.934,Medium
DEV0122,6.8,0.4,4,13.1,10,9,2,17,3,27,2.381,Low
DEV0123,10.3,2.8,10,12.2,13,6,3,33,2,32,6.018,High
DEV0124,6.1,0.1,4,13.5,15,8,2,13,3,41,2.557,Low
DEV0125,9.1,1.6,8,22.5,11,7,4,41,3,54,5.715,High
DEV0126,11.5,4.2,9,11.5,14,4,2,26,1,56,6.723,High
DEV0127,6.7,0.0,3,17.7,18,10,2,20,5,21,3.101,Low
DEV0128,7.4,0.4,9,22.9,10,6,4,9,4,31,5.198,Medium
DEV0129,8.3,1.1,5,8.9,13,8,3,24,4,34,3.284,Medium
DEV0130,7.4,0.3,8,7.5,15,7,2,4,5,45,3.433,Medium
DEV0131,5.9,0.3,3,13.3,14,10,4,23,4,21,1.959,Low
DEV0132,8.3,0.8,7,11.5,16,7,3,28,2,34,4.155,Medium
DEV0133,6.6,0.3,6,22.9,16,8,1,30,3,61,3.846,Medium
DEV0134,8.9,1.6,9,15.6,20,7,3,15,1,47,4.85,Medium
DEV0135,6.8,0.1,4,8.4,8,8,2,20,3,44,2.164,Low
DEV0136,10.5,2.8,8,9.1,11,5,3,31,2,30,5.183,Medium
DEV0137,7.0,0.2,4,17.8,11,8,2,23,3,25,3.184,Low
DEV0138,7.7,0.5,6,10.7,16,6,2,14,3,41,3.793,Medium
DEV0139,9.4,1.4,9,15.6,6,8,2,5,3,22,4.764,Medium
DEV0140,6.4,0.0,4,17.2,16,8,3,21,4,49,2.779,Low
DEV0141,8.5,1.1,8,12.4,11,7,2,21,2,51,4.245,Medium
DEV0142,10.2,2.7,11,16.4,9,7,2,21,2,31,5.994,High
DEV0143,5.8,0.2,4,12.3,9,9,2,23,4,46,1.627,Low
DEV0144,8.5,1.1,7,17.6,11,7,4,22,3,36,4.414,Medium
DEV0145,8.6,1.0,4,15.4,17,8,2,12,4,58,3.657,Medium
DEV0146,9.4,2.5,3,10.7,12,8,3,9,2,34,3.678,Medium
DEV0147,6.3,0.0,4,12.7,17,8,3,9,5,38,2.129,Low
DEV0148,6.2,0.0,3,9.9,22,10,3,37,5,38,1.218,Low
DEV0149,9.0,1.5,7,6.8,14,5,2,29,2,57,4.086,Medium
DEV0150,8.6,0.4,7,15.5,11,7,1,24,2,42,3.795,Medium
DEV0151,8.6,1.0,6,23.1,15,8,0,21,3,31,4.601,Medium
DEV0152,8.7,1.9,9,11.0,11,6,3,21,3,46,4.343,Medium
DEV0153,7.2,0.2,5,9.1,12,9,3,29,3,20,2.584,Low
DEV0154,8.5,1.1,5,8.6,7,6,1,19,4,42,3.276,Medium
DEV0155,8.6,0.6,8,18.4,17,8,3,27,4,21,4.871,Medium
DEV0156,7.1,0.1,4,14.6,13,10,1,17,3,7,2.633,Low
DEV0157,11.0,3.3,10,15.2,12,3,3,43,1,53,6.751,High
DEV0158,8.9,1.3,6,9.0,9,7,3,29,3,49,3.416,Medium
DEV0159,6.4,0.5,2,11.7,17,10,1,28,4,34,1.551,Low
DEV0160,9.2,1.9,8,7.0,9,8,3,19,2,32,3.819,Medium
DEV0161,6.7,0.0,5,13.7,14,8,2,27,4,50,2.849,Low
DEV0162,9.4,2.0,8,19.2,16,6,3,22,2,35,5.385,High
DEV0163,9.9,2.6,8,8.5,15,6,3,26,1,21,4.889,Medium
DEV0164,7.0,0.4,1,2.9,14,9,2,33,4,7,0.923,Low
DEV0165,9.6,2.7,7,22.1,5,3,4,16,2,41,6.362,High
DEV0166,8.8,0.9,8,11.7,25,8,3,25,1,41,3.848,Medium
DEV0167,9.4,1.6,7,19.9,19,9,2,28,2,22,4.693,Medium
DEV0168,11.0,3.0,9,14.6,14,5,3,32,1,49,5.997,High
DEV0169,7.8,0.2,7,13.4,11,7,2,17,5,53,3.732,Medium
DEV0170,7.1,0.3,3,14.0,14,8,2,36,3,21,2.607,Low
DEV0171,6.9,0.4,2,6.8,12,10,4,9,3,29,1.282,Low
DEV0172,7.0,0.2,4,13.1,19,10,2,31,4,30,2.603,Low
DEV0173,8.1,0.5,5,11.1,14,9,0,31,3,20,2.814,Low
DEV0174,8.7,1.3,5,6.4,10,8,2,38,2,46,3.111,Low
DEV0175,8.6,0.8,6,15.3,11,7,0,10,3,34,4.116,Medium
DEV0176,9.4,2.7,8,13.5,17,6,2,17,1,37,5.062,Medium
DEV0177,8.2,0.1,6,12.8,20,8,0,34,2,54,3.336,Medium
DEV0178,10.4,3.0,9,9.3,18,6,2,11,3,46,5.238,High
DEV0179,7.8,0.6,9,23.4,17,10,1,8,4,34,4.656,Medium
DEV0180,12.3,4.8,10,20.4,9,4,3,26,1,62,7.698,High
DEV0181,9.1,1.5,8,19.6,0,5,3,25,3,38,5.297,High
DEV0182,6.9,0.1,4,10.9,16,10,2,32,4,37,2.111,Low
DEV0183,6.6,0.2,3,3.2,15,10,2,17,5,19,1.12,Low
DEV0184,8.9,1.9,5,22.8,13,8,1,18,2,27,4.879,Medium
DEV0185,7.9,0.0,5,12.7,14,8,3,24,4,30,3.071,Low
DEV0186,9.3,2.4,8,11.1,7,10,5,28,2,18,4.133,Medium
DEV0187,8.9,0.8,11,18.7,15,6,4,27,3,49,5.843,High
DEV0188,8.1,0.5,4,18.2,16,7,2,20,3,39,3.908,Medium
DEV0189,6.9,0.1,4,12.3,17,10,1,4,4,20,1.948,Low
DEV0190,5.9,0.3,3,18.2,19,10,1,10,5,31,2.031,Low
DEV0191,7.5,0.0,6,19.0,16,8,3,32,4,30,3.672,Medium
DEV0192,9.5,2.2,8,9.4,11,6,4,26,1,37,4.627,Medium
DEV0193,8.5,1.8,9,12.0,13,9,3,20,2,29,4.062,Medium
DEV0194,6.3,0.0,1,15.4,15,10,2,27,4,29,1.255,Low
DEV0195,8.5,1.1,2,1.0,14,7,3,13,4,40,2.214,Low
DEV0196,8.8,1.0,6,12.9,17,8,3,21,2,29,3.675,Medium
DEV0197,6.9,0.3,6,6.4,17,10,2,20,4,33,2.005,Low
DEV0198,8.4,0.9,4,10.0,21,9,2,19,3,26,2.949,Low
DEV0199,8.3,0.5,1,9.1,22,10,1,23,3,18,1.231,Low
DEV0200,6.5,0.3,6,11.8,15,10,2,17,4,10,2.288,Low
DEV0201,8.7,1.9,7,11.4,0,8,3,12,4,42,3.853,Medium
DEV0202,9.0,1.4,6,8.1,18,7,4,25,3,37,3.523,Medium
DEV0203,9.8,2.6,6,25.1,10,7,1,14,1,39,5.735,High
DEV0204,9.8,1.8,6,22.9,9,6,3,26,4,51,5.879,High
DEV0205,6.1,0.0,4,6.6,13,10,4,29,4,20,1.425,Low
DEV0206,6.8,0.3,3,19.7,13,10,3,17,3,11,2.862,Low
DEV0207,9.0,2.1,8,12.8,15,9,4,14,3,29,4.209,Medium
DEV0208,9.0,1.6,2,11.8,6,5,2,22,2,48,3.32,Medium
DEV0209,9.0,1.4,6,13.3,8,7,4,17,4,34,3.694,Medium
DEV0210,14.0,6.0,11,13.3,10,1,2,38,1,75,8.424,High
DEV0211,9.1,1.1,7,19.1,15,7,1,23,4,12,4.932,Medium
DEV0212,9.9,2.6,8,15.4,15,6,3,39,2,52,5.436,High
DEV0213,9.6,2.5,9,13.0,9,7,1,34,3,44,5.038,Medium
DEV0214,9.2,1.5,4,5.9,9,7,3,23,4,41,2.976,Low
DEV0215,7.7,0.1,6,9.1,12,6,4,27,3,7,3.642,Medium
DEV0216,9.3,1.9,9,7.2,13,6,2,21,3,53,4.325,Medium
DEV0217,7.0,0.1,8,14.9,20,10,2,20,3,14,3.396,Medium
DEV0218,7.8,0.2,5,7.0,5,5,2,18,3,39,3.08,Low
DEV0219,7.5,0.6,6,12.3,13,10,2,27,3,23,2.788,Low
DEV0220,8.3,0.7,3,18.7,8,9,2,34,4,33,3.535,Medium
DEV0221,11.7,4.1,6,19.6,4,5,3,35,1,51,6.783,High
DEV0222,5.4,0.1,4,12.2,19,10,2,24,4,33,1.612,Low
DEV0223,9.2,2.0,7,13.8,15,4,3,31,3,57,5.3,High
DEV0224,5.8,0.2,6,23.0,17,10,3,22,5,27,3.353,Medium
DEV0225,7.5,0.1,3,14.4,18,10,1,11,4,29,2.311,Low
DEV0226,9.8,2.8,8,13.2,10,7,4,39,3,26,5.061,Medium
DEV0227,8.3,1.4,10,8.9,12,7,2,37,4,29,4.122,Medium
DEV0228,6.6,0.1,5,15.0,23,10,2,17,4,33,2.439,Low
DEV0229,7.1,0.0,5,17.1,13,9,3,17,3,37,2.924,Low
DEV0230,9.2,2.1,8,11.6,15,6,2,29,3,48,4.92,Medium
DEV0231,7.1,0.1,2,12.7,14,10,2,24,3,19,1.801,Low
DEV0232,8.5,1.3,9,13.6,6,6,3,21,2,50,4.51,Medium
DEV0233,8.3,0.0,5,12.1,5,7,1,12,4,25,3.155,Low
DEV0234,7.2,0.4,5,1.0,12,8,2,22,4,43,1.1,Low
DEV0235,11.4,3.4,7,13.1,15,3,2,33,1,50,6.111,High
DEV0236,9.2,2.0,5,17.8,16,7,2,30,1,53,4.548,Medium
DEV0237,5.2,0.2,5,9.8,19,10,5,19,5,9,1.553,Low
DEV0238,8.5,0.6,6,13.9,9,8,2,20,4,50,4.056,Medium
DEV0239,7.2,0.1,7,10.4,21,7,4,28,5,33,3.335,Medium
DEV0240,9.5,2.3,7,16.0,8,7,2,25,2,33,5.016,Medium
DEV0241,7.0,0.2,1,9.5,15,10,1,16,5,26,0.961,Low
DEV0242,8.0,0.3,7,9.5,13,8,3,20,3,26,3.137,Low
DEV0243,9.0,2.3,6,20.3,12,6,3,10,2,40,5.093,Medium
DEV0244,9.5,1.4,9,20.0,18,7,4,23,1,29,5.373,High
DEV0245,6.4,0.5,4,9.4,12,10,4,24,4,17,1.6,Low
DEV0246,7.7,0.2,3,14.3,8,8,5,24,4,37,2.418,Low
DEV0247,7.5,0.0,6,16.3,14,7,3,33,5,27,3.425,Medium
DEV0248,7.2,0.0,8,18.0,13,10,2,18,3,17,3.735,Medium
DEV0249,10.8,3.2,10,7.5,25,6,3,31,2,27,5.401,High
DEV0250,8.8,1.7,6,18.6,16,7,2,29,3,31,4.539,Medium
DEV0251,6.3,0.2,5,10.2,13,9,3,37,4,42,2.149,Low
DEV0252,9.6,2.7,8,13.0,8,7,1,26,1,28,5.153,Medium
DEV0253,11.4,3.3,10,29.2,3,5,5,20,1,37,8.001,High
DEV0254,9.7,2.2,6,15.1,8,5,3,32,3,46,5.168,Medium
DEV0255,5.9,0.0,4,10.5,16,10,0,32,4,21,1.451,Low
DEV0256,7.5,0.3,7,3.2,20,7,2,18,3,59,2.506,Low
DEV0257,10.1,3.0,7,21.1,16,6,3,32,1,39,6.011,High
DEV0258,7.1,0.1,7,7.5,15,9,4,30,2,32,2.879,Low
DEV0259,8.9,0.4,6,8.6,11,7,1,31,4,46,3.696,Medium
DEV0260,9.4,2.0,6,11.9,13,7,3,25,2,46,4.327,Medium
DEV0261,6.8,0.3,6,20.7,12,9,0,14,5,31,3.6,Medium
DEV0262,8.1,0.8,5,16.9,20,9,2,21,4,27,3.76,Medium
DEV0263,4.0,0.4,3,11.0,16,10,3,17,5,45,1.139,Low
DEV0264,6.7,0.0,4,13.9,14,9,2,26,4,28,1.941,Low
DEV0265,7.8,0.3,5,10.0,5,9,1,24,4,24,2.389,Low
DEV0266,6.3,0.4,4,13.1,14,10,2,15,5,18,2.148,Low
DEV0267,10.6,2.4,9,15.8,15,5,2,31,2,27,5.683,High
DEV0268,6.1,0.3,1,15.4,11,10,2,25,5,33,1.45,Low
DEV0269,7.5,0.1,3,16.6,11,9,1,24,3,5,2.59,Low
DEV0270,8.4,0.9,8,17.3,16,8,2,16,2,32,4.379,Medium
DEV0271,10.4,3.0,8,13.0,6,5,1,25,2,42,5.563,High
DEV0272,6.0,0.1,3,15.5,19,10,2,25,4,47,1.912,Low
DEV0273,9.9,2.1,6,13.1,10,9,2,14,1,10,4.265,Medium
DEV0274,8.2,0.7,5,7.6,12,9,1,5,2,19,2.507,Low
DEV0275,6.7,0.0,1,8.6,10,9,2,31,4,27,1.193,Low
DEV0276,8.9,1.0,6,14.0,14,8,3,27,3,31,3.6,Medium
DEV0277,8.5,1.3,5,17.6,23,8,2,27,3,27,4.175,Medium
DEV0278,7.3,0.0,3,10.9,17,10,2,11,4,24,1.746,Low
DEV0279,8.3,1.1,6,7.6,10,8,3,28,4,20,2.853,Low
DEV0280,7.6,0.3,6,13.9,18,10,1,23,4,28,2.973,Low
DEV0281,8.4,0.2,10,16.6,12,9,5,10,2,5,4.267,Medium
DEV0282,9.2,1.4,5,13.9,18,7,2,35,2,36,3.925,Medium
DEV0283,10.6,3.6,11,21.2,15,6,4,28,2,34,7.072,High
DEV0284,6.3,0.0,5,18.1,3,10,3,15,5,35,2.635,Low
DEV0285,11.4,3.7,8,11.8,7,4,3,25,1,66,6.602,High
DEV0286,5.3,0.3,3,8.7,19,10,3,2,4,21,1.105,Low
DEV0287,8.0,0.4,5,7.8,14,8,2,26,3,46,2.784,Low
DEV0288,9.1,1.5,8,18.3,9,7,1,26,2,33,4.672,Medium
DEV0289,8.6,0.9,9,22.6,10,7,3,21,3,27,5.248,High
DEV0290,7.3,0.5,6,12.0,6,8,2,30,5,50,2.873,Low
DEV0291,7.9,0.5,6,12.4,13,7,2,10,3,42,3.319,Medium
DEV0292,7.5,0.4,5,20.3,23,7,1,16,3,37,4.043,Medium
DEV0293,7.3,0.2,2,13.7,17,8,3,13,4,39,2.607,Low
DEV0294,9.5,1.7,7,16.4,21,6,4,22,3,43,5.099,Medium
DEV0295,8.7,0.9,9,9.4,16,8,4,23,2,32,3.885,Medium
DEV0296,7.2,0.3,2,14.6,18,9,3,23,5,15,2.154,Low
DEV0297,9.5,2.2,6,9.0,20,4,2,22,2,46,4.813,Medium
DEV0298,8.7,1.8,7,8.5,14,9,2,16,2,35,3.834,Medium
DEV0299,9.4,2.2,6,11.9,12,8,2,38,1,31,4.077,Medium
DEV0300,9.1,1.0,6,10.7,17,8,3,43,3,42,3.788,Medium
DEV0301,7.0,0.4,4,11.3,20,10,2,21,4,28,2.179,Low
DEV0302,7.4,0.0,3,4.6,12,8,2,14,4,24,1.831,Low
DEV0303,9.3,1.6,6,18.4,10,9,4,36,2,15,4.117,Medium
DEV0304,9.1,1.7,9,21.0,13,6,3,12,2,39,5.672,High
DEV0305,8.2,1.5,4,2.7,17,8,1,19,3,27,2.309,Low
DEV0306,8.4,2.1,4,17.3,16,6,1,17,3,44,4.512,Medium
DEV0307,10.1,2.8,7,10.1,6,6,3,16,1,33,4.636,Medium
DEV0308,7.3,0.2,6,17.9,22,9,3,18,3,22,3.013,Low
DEV0309,9.0,1.7,7,13.9,10,7,3,17,4,47,4.33,Medium
DEV0310,7.9,0.4,5,13.1,13,9,4,21,2,30,3.162,Low
DEV0311,7.9,0.1,6,12.7,10,9,4,22,4,21,2.743,Low
DEV0312,9.8,3.0,4,18.5,23,5,3,20,1,45,4.955,Medium
DEV0313,9.4,2.0,8,8.6,13,6,2,21,1,54,4.511,Medium
DEV0314,9.4,2.1,8,17.8,9,8,1,22,2,35,4.997,Medium
DEV0315,10.2,3.0,8,20.3,15,5,2,32,2,50,6.409,High
DEV0316,8.2,0.9,8,18.4,16,9,3,21,4,21,4.034,Medium
DEV0317,9.2,2.0,5,24.6,12,8,4,30,3,43,4.955,Medium
DEV0318,7.7,0.1,8,12.2,17,7,3,26,3,60,3.989,Medium
DEV0319,8.7,1.0,7,19.0,10,9,4,27,2,21,4.071,Medium
DEV0320,8.0,0.0,5,12.5,12,10,2,33,5,13,2.945,Low
DEV0321,8.3,1.0,6,19.8,5,8,3,13,4,34,4.057,Medium
DEV0322,9.1,1.9,7,14.2,7,8,3,20,2,41,4.5,Medium
DEV0323,7.0,0.3,7,12.3,22,10,1,34,4,24,2.715,Low
DEV0324,11.3,4.5,8,21.3,17,4,2,26,1,38,6.991,High
DEV0325,6.7,0.2,3,9.3,15,10,3,2,4,23,1.481,Low
DEV0326,6.4,0.3,5,5.9,21,8,3,17,5,38,2.079,Low
DEV0327,9.9,2.0,7,11.6,11,6,1,26,3,36,4.729,Medium
DEV0328,9.4,1.7,9,18.5,11,7,0,3,2,43,5.634,High
DEV0329,9.1,1.9,11,23.6,13,7,3,34,2,48,6.557,High
DEV0330,9.1,1.9,7,14.8,12,8,2,18,4,35,4.153,Medium
DEV0331,8.2,0.6,8,21.4,12,7,2,25,4,36,4.669,Medium
DEV0332,6.9,0.2,2,4.4,19,9,2,17,4,37,0.889,Low
DEV0333,8.3,0.2,8,12.6,14,10,3,12,2,16,3.21,Medium
DEV0334,7.2,0.1,5,11.6,17,9,3,11,4,19,2.761,Low
DEV0335,9.7,2.6,8,14.2,16,6,0,17,3,38,5.362,High
DEV0336,8.0,0.3,4,12.8,15,8,1,30,1,28,2.831,Low
DEV0337,7.0,0.3,2,14.7,10,8,1,18,4,24,2.428,Low
DEV0338,7.7,0.2,6,11.4,8,10,3,17,3,43,2.971,Low
DEV0339,8.8,1.3,3,12.5,13,7,2,16,3,58,3.732,Medium
DEV0340,7.4,0.1,5,12.8,13,8,3,30,3,29,2.972,Low
DEV0341,7.0,0.3,6,9.0,15,9,2,31,4,29,1.928,Low
DEV0342,8.6,1.3,7,13.6,13,5,2,32,4,43,4.659,Medium
DEV0343,8.6,1.3,10,15.3,23,7,2,27,3,48,5.157,Medium
DEV0344,7.4,0.1,7,13.4,9,8,3,23,4,46,3.425,Medium
DEV0345,7.5,0.0,4,12.6,6,10,1,11,3,7,2.455,Low
DEV0346,8.5,1.4,7,14.6,14,7,3,21,3,41,4.361,Medium
DEV0347,6.0,0.1,3,9.6,14,10,2,12,4,11,1.133,Low
DEV0348,6.1,0.0,1,17.0,16,10,2,3,5,42,1.553,Low
DEV0349,7.1,0.3,3,6.0,17,10,1,28,4,29,1.326,Low
DEV0350,7.9,0.1,4,8.8,19,8,1,16,4,24,2.683,Low
DEV0351,8.7,1.6,3,25.7,7,7,1,32,1,34,4.547,Medium
DEV0352,10.4,3.1,9,10.2,9,4,3,33,1,46,5.851,High
DEV0353,9.5,2.3,7,7.4,14,6,0,29,3,46,4.311,Medium
DEV0354,8.0,0.0,2,14.9,17,7,2,26,2,47,3.207,Medium
DEV0355,8.2,1.2,7,3.8,22,9,3,17,3,17,2.672,Low
DEV0356,6.7,0.3,6,12.4,18,10,3,34,4,43,2.159,Low
DEV0357,8.2,0.6,7,24.9,13,9,2,22,3,45,4.799,Medium
DEV0358,7.8,0.2,5,5.3,10,6,2,24,3,32,3.138,Low
DEV0359,8.7,0.5,8,4.9,11,7,2,18,3,37,3.542,Medium
DEV0360,7.0,0.3,6,6.1,12,9,3,12,5,46,2.012,Low
DEV0361,9.0,1.1,8,19.3,15,7,4,27,2,49,4.834,Medium
DEV0362,10.5,2.5,7,19.8,13,5,4,28,1,41,5.839,High
DEV0363,8.0,0.0,6,11.0,8,9,3,15,3,37,3.301,Medium
DEV0364,8.8,1.7,9,18.8,11,6,2,12,1,70,5.395,High
DEV0365,9.2,1.4,6,20.6,16,6,3,14,3,42,4.967,Medium
DEV0366,7.6,0.5,9,24.3,15,9,1,30,4,22,4.778,Medium
DEV0367,8.5,0.8,6,12.4,15,7,2,18,4,38,3.687,Medium
DEV0368,8.2,0.0,7,2.7,15,9,3,19,3,31,2.644,Low
DEV0369,8.3,0.4,5,8.9,20,6,3,34,2,35,3.057,Low
DEV0370,7.0,0.4,5,10.9,15,10,3,11,4,29,2.506,Low
DEV0371,8.2,0.6,3,10.5,12,7,2,16,4,24,2.854,Low
DEV0372,8.9,1.2,6,12.7,9,7,2,17,3,30,4.221,Medium
DEV0373,10.4,3.0,7,19.8,13,6,3,39,2,48,6.217,High
DEV0374,9.6,2.3,8,21.2,2,6,2,41,3,23,5.877,High
DEV0375,11.4,4.3,11,15.7,10,4,2,34,1,58,7.187,High
DEV0376,7.0,0.5,6,19.1,13,10,2,26,4,5,3.323,Medium
DEV0377,9.5,1.9,3,13.6,7,8,2,20,3,15,3.571,Medium
DEV0378,8.5,0.5,10,16.3,9,9,1,38,3,24,4.149,Medium
DEV0379,11.5,3.8,11,21.1,14,4,4,31,1,51,8.03,High
DEV0380,7.0,0.3,3,12.2,15,9,3,26,3,42,2.229,Low
DEV0381,6.9,0.0,5,23.3,15,10,2,18,3,25,3.167,Low
DEV0382,7.3,0.0,5,5.8,15,10,5,18,4,22,1.356,Low
DEV0383,5.0,0.3,1,8.0,16,10,1,29,4,30,0.094,Low
DEV0384,7.4,0.2,6,13.0,19,9,2,25,4,20,3.114,Low
DEV0385,7.1,0.2,3,14.0,15,9,2,31,3,30,2.246,Low
DEV0386,8.4,0.6,6,19.9,7,8,2,24,2,21,4.139,Medium
DEV0387,8.7,1.1,5,12.9,19,6,2,16,3,41,4.018,Medium
DEV0388,11.0,3.1,7,7.1,13,4,1,23,1,47,5.127,Medium
DEV0389,9.6,2.5,8,19.0,10,8,2,26,2,24,5.389,High
DEV0390,7.3,0.4,6,17.4,9,10,2,15,3,26,3.229,Medium
DEV0391,6.9,0.0,5,3.3,16,6,3,10,3,42,2.183,Low
DEV0392,8.9,1.0,8,14.8,12,9,5,33,3,40,3.835,Medium
DEV0393,6.2,0.0,4,4.4,21,10,3,14,5,8,0.936,Low
DEV0394,10.9,3.1,9,12.1,10,5,2,28,1,44,6.021,High
DEV0395,10.0,2.5,10,11.5,9,7,2,28,2,29,5.114,Medium
DEV0396,7.5,0.0,3,15.8,17,8,2,16,3,41,3.071,Low
DEV0397,5.6,0.0,1,11.2,19,10,3,28,3,32,1.469,Low
DEV0398,10.2,2.3,7,7.8,12,8,2,17,3,38,4.231,Medium
DEV0399,8.0,0.2,7,18.6,16,8,1,24,4,25,4.399,Medium
DEV0400,10.1,2.6,10,8.8,12,4,2,28,2,57,5.774,High
DEV0401,5.8,0.1,4,14.1,16,10,3,17,4,9,1.863,Low
DEV0402,7.3,0.2,6,9.5,19,9,3,10,4,11,2.62,Low
DEV0403,8.2,0.5,5,11.2,16,10,2,29,4,12,3.083,Low
DEV0404,8.3,0.7,7,16.7,13,8,3,28,4,32,3.995,Medium
DEV0405,7.5,0.5,5,15.6,19,8,0,15,4,39,3.102,Low
DEV0406,9.1,2.1,9,22.1,3,8,3,29,2,5,5.333,High
DEV0407,6.6,0.0,4,12.0,23,10,3,22,3,38,1.936,Low
DEV0408,8.0,0.4,5,14.5,7,7,1,11,3,38,3.329,Medium
DEV0409,8.4,1.2,7,12.0,11,9,2,15,3,13,3.895,Medium
DEV0410,9.0,1.0,9,16.3,13,8,1,33,3,34,4.773,Medium
DEV0411,9.3,2.1,6,15.8,12,7,4,27,3,47,4.784,Medium
DEV0412,6.5,0.5,4,11.9,19,10,1,14,4,30,1.98,Low
DEV0413,5.9,0.0,2,2.2,11,9,2,10,5,39,0.362,Low
DEV0414,10.1,2.2,4,14.1,13,5,3,22,1,31,4.418,Medium
DEV0415,8.7,1.6,7,16.0,11,7,4,19,3,32,4.348,Medium
DEV0416,7.1,0.3,6,10.2,15,9,2,13,3,19,2.68,Low
DEV0417,10.5,3.2,9,9.0,11,7,2,13,1,54,5.194,Medium
DEV0418,8.4,1.0,3,19.2,14,8,2,31,3,39,3.761,Medium
DEV0419,10.0,2.7,8,17.3,10,7,4,33,1,65,5.172,Medium
DEV0420,8.3,0.3,3,10.7,11,8,2,12,3,28,2.62,Low
DEV0421,11.3,4.2,12,11.5,12,5,2,29,1,37,6.575,High
DEV0422,10.8,3.8,8,10.7,15,5,1,20,2,43,5.75,High
DEV0423,7.8,0.2,8,21.3,11,9,1,19,2,42,4.406,Medium
DEV0424,9.7,2.2,9,16.1,9,6,4,22,3,37,5.326,High
DEV0425,9.2,1.1,6,10.8,15,6,2,20,3,42,4.254,Medium
DEV0426,10.3,3.0,6,16.1,12,6,2,42,2,41,5.768,High
DEV0427,6.8,0.3,5,8.9,18,9,2,16,4,29,2.357,Low
DEV0428,9.2,1.7,6,21.1,9,6,2,17,2,34,5.177,Medium
DEV0429,9.8,2.7,8,21.6,5,7,2,19,1,35,5.777,High
DEV0430,5.6,0.1,2,8.9,13,9,2,25,4,27,1.148,Low
DEV0431,6.4,0.3,1,7.5,12,9,3,5,4,28,0.978,Low
DEV0432,5.1,0.0,1,1.0,16,10,3,10,5,34,-0.12,Low
DEV0433,7.8,0.2,6,6.2,11,9,1,33,3,46,2.172,Low
DEV0434,9.3,1.7,6,6.9,15,7,3,26,3,28,3.242,Medium
DEV0435,10.5,3.1,8,15.5,10,6,2,28,1,37,5.764,High
DEV0436,8.3,0.7,8,13.2,14,8,2,39,3,24,3.954,Medium
DEV0437,10.6,3.0,11,9.9,12,3,3,29,2,54,6.256,High
DEV0438,6.1,0.4,3,10.4,16,9,2,12,3,23,1.493,Low
DEV0439,5.6,0.1,2,13.7,15,10,2,14,4,27,1.528,Low
DEV0440,8.1,0.0,6,16.2,15,8,3,13,4,44,3.452,Medium
DEV0441,8.8,2.0,4,2.9,10,7,2,33,1,11,2.702,Low
DEV0442,8.2,1.3,7,13.6,19,7,2,26,4,41,4.433,Medium
DEV0443,5.1,0.0,3,4.9,15,10,1,25,5,20,0.75,Low
DEV0444,8.1,0.9,7,18.7,8,7,1,31,4,41,4.206,Medium
DEV0445,6.2,0.1,1,14.5,16,10,1,15,4,16,1.275,Low
DEV0446,9.2,1.8,6,9.1,9,7,4,16,1,48,3.86,Medium
DEV0447,8.7,1.3,5,9.2,16,8,1,22,3,42,2.915,Low
DEV0448,6.8,0.2,5,10.7,23,8,1,12,4,38,2.15,Low
DEV0449,7.4,0.0,6,2.3,11,9,3,22,4,36,1.956,Low
DEV0450,6.6,0.1,7,15.9,16,9,2,28,5,21,3.254,Medium
DEV0451,8.1,0.2,5,11.6,6,9,2,20,4,22,2.92,Low
DEV0452,9.6,1.8,7,19.1,14,6,4,26,4,48,5.403,High
DEV0453,6.7,0.2,7,8.7,11,10,3,18,4,17,2.307,Low
DEV0454,9.0,1.2,8,11.7,10,9,2,30,2,43,3.778,Medium
DEV0455,7.4,0.3,8,7.3,10,8,2,15,4,29,3.113,Low
DEV0456,7.0,0.5,5,8.0,17,9,2,2,4,34,2.506,Low
DEV0457,8.0,0.1,3,5.9,18,8,3,25,4,53,1.91,Low
DEV0458,6.6,0.2,2,16.2,15,10,1,27,3,17,1.836,Low
DEV0459,7.4,0.3,3,8.3,11,8,0,24,4,33,1.883,Low
DEV0460,6.4,0.3,5,13.6,21,10,2,13,5,35,2.167,Low
DEV0461,11.1,3.6,12,15.3,8,3,2,19,1,62,7.421,High
DEV0462,8.3,1.1,10,9.7,5,7,5,26,4,33,3.852,Medium
DEV0463,7.2,0.3,6,12.8,16,8,1,21,4,27,3.188,Low
DEV0464,8.5,0.5,9,18.4,9,7,3,21,4,34,5.019,Medium
DEV0465,8.0,0.4,4,6.4,17,8,2,36,3,47,1.96,Low
DEV0466,7.9,0.4,3,15.8,12,8,2,14,3,30,2.834,Low
DEV0467,9.1,1.3,9,11.2,15,6,3,38,3,41,4.726,Medium
DEV0468,9.3,1.8,8,12.4,18,8,3,24,1,28,4.361,Medium
DEV0469,7.4,0.3,6,16.3,9,10,4,6,3,32,3.214,Medium
DEV0470,7.3,0.2,5,9.7,12,10,3,19,4,26,2.172,Low
DEV0471,7.8,0.4,6,13.8,13,9,4,29,5,18,3.453,Medium
DEV0472,4.7,0.7,4,10.8,22,10,1,12,5,15,1.366,Low
DEV0473,5.9,0.0,6,14.2,13,10,3,6,5,5,2.193,Low
DEV0474,10.3,2.2,9,3.5,9,5,3,25,3,36,4.467,Medium
DEV0475,10.7,3.3,11,7.5,13,5,4,20,1,52,5.967,High
DEV0476,7.8,0.3,6,16.7,11,7,4,25,3,50,3.876,Medium
DEV0477,9.1,1.5,7,19.4,13,6,2,30,4,47,5.297,High
DEV0478,8.7,1.8,8,10.2,7,9,2,14,3,34,3.913,Medium
DEV0479,12.8,4.8,9,14.2,19,5,3,25,1,43,6.616,High
DEV0480,9.9,2.7,10,17.5,7,6,1,31,3,48,5.832,High
DEV0481,8.0,0.1,3,15.3,12,10,2,15,2,27,2.346,Low
DEV0482,6.8,0.5,5,2.9,14,9,2,10,4,47,1.467,Low
DEV0483,5.8,0.6,2,6.8,23,8,1,8,4,32,1.256,Low
DEV0484,8.5,0.7,7,12.5,8,9,4,25,3,42,3.74,Medium
DEV0485,7.1,0.1,4,15.9,22,10,1,22,3,33,2.78,Low
DEV0486,6.1,0.4,1,23.1,18,10,2,12,3,32,2.361,Low
DEV0487,7.2,0.1,5,11.9,16,9,3,20,3,8,2.52,Low
DEV0488,6.6,0.2,3,4.8,11,10,3,31,4,34,0.959,Low
DEV0489,10.7,3.2,11,18.6,14,4,3,19,2,47,7.128,High
DEV0490,9.5,1.2,8,21.4,9,6,4,9,4,36,5.671,High
DEV0491,8.2,0.7,7,14.7,18,7,3,26,4,22,4.231,Medium
DEV0492,10.4,2.6,7,9.7,8,6,3,25,2,40,4.97,Medium
DEV0493,8.3,0.6,5,17.8,13,7,1,16,2,37,3.53,Medium
DEV0494,6.9,0.5,4,15.7,12,8,1,25,4,19,2.909,Low
DEV0495,10.5,2.5,10,10.9,8,5,3,33,2,30,6.017,High
DEV0496,9.0,1.8,11,18.5,16,7,3,6,2,41,5.622,High
DEV0497,6.6,0.1,3,16.8,17,8,3,13,4,41,2.908,Low
DEV0498,7.9,0.1,7,20.1,18,9,3,40,4,30,3.939,Medium
DEV0499,6.9,0.4,1,10.3,7,10,1,24,4,36,1.415,Low
DEV0500,6.1,0.3,1,8.8,19,10,0,23,5,24,0.743,Low
DEV0501,9.6,2.3,6,19.7,22,8,3,34,2,32,4.69,Medium
DEV0502,11.1,4.0,7,8.1,9,6,2,28,2,31,5.285,High
DEV0503,6.1,0.1,1,12.8,23,10,1,24,4,9,1.506,Low
DEV0504,9.0,1.3,8,7.9,12,7,2,29,2,55,3.955,Medium
DEV0505,7.2,0.0,4,17.7,9,9,2,24,4,40,2.684,Low
DEV0506,7.5,0.0,6,12.3,13,10,4,18,5,11,2.689,Low
DEV0507,7.3,0.8,6,19.9,18,8,2,21,4,34,4.191,Medium
DEV0508,6.9,0.4,5,15.5,11,7,2,15,4,35,3.649,Medium
DEV0509,8.3,0.3,8,8.7,11,9,1,22,4,26,3.157,Low
DEV0510,7.0,0.0,4,19.5,17,8,3,10,4,28,2.918,Low
DEV0511,8.6,1.3,4,20.2,13,6,1,16,2,44,4.628,Medium
DEV0512,8.1,0.8,7,18.6,16,8,3,19,2,41,4.195,Medium
DEV0513,7.8,0.3,4,8.6,15,8,2,14,3,37,2.649,Low
DEV0514,6.8,0.1,3,10.3,16,8,3,15,4,31,2.146,Low
DEV0515,7.3,0.2,4,13.1,12,9,2,19,4,27,2.363,Low
DEV0516,9.3,1.9,6,10.1,13,8,2,27,3,42,3.792,Medium
DEV0517,9.0,1.5,7,22.7,9,6,3,31,2,45,5.732,High
DEV0518,6.7,0.0,5,13.7,20,10,4,15,4,25,2.35,Low
DEV0519,8.3,0.7,7,1.0,11,6,3,33,3,40,2.723,Low
DEV0520,9.3,1.5,6,15.3,17,9,2,32,4,32,3.702,Medium
DEV0521,5.7,0.2,3,10.1,14,10,2,21,4,20,1.206,Low
DEV0522,9.0,2.7,9,15.0,14,7,2,25,4,45,5.058,Medium
DEV0523,7.2,0.3,5,11.2,12,7,1,22,4,26,3.104,Low
DEV0524,9.1,1.5,11,20.6,9,7,3,33,2,32,5.666,High
DEV0525,7.1,0.4,7,19.8,7,9,2,29,3,35,4.101,Medium
DEV0526,5.5,0.3,5,14.4,11,10,3,27,3,13,1.883,Low
DEV0527,5.8,0.3,1,8.9,14,9,1,17,4,13,1.556,Low
DEV0528,8.3,1.0,8,14.6,14,7,4,27,2,37,4.695,Medium
DEV0529,8.6,1.9,6,13.7,17,9,3,33,3,12,3.758,Medium
DEV0530,6.8,0.0,4,8.4,13,9,2,14,4,16,1.55,Low
DEV0531,9.2,1.9,8,17.7,9,9,3,21,3,36,4.699,Medium
DEV0532,5.7,0.0,5,15.3,10,10,2,17,5,22,2.163,Low
DEV0533,8.1,0.8,6,21.3,15,8,3,29,3,45,4.065,Medium
DEV0534,6.4,0.0,2,17.5,20,10,3,26,5,12,2.128,Low
DEV0535,7.2,0.1,6,10.2,19,7,2,18,3,36,2.835,Low
DEV0536,8.3,0.7,5,17.1,16,7,1,10,3,40,3.797,Medium
DEV0537,6.9,0.4,5,8.2,17,10,3,21,3,13,1.929,Low
DEV0538,7.6,0.4,5,16.5,21,7,3,13,4,47,3.495,Medium
DEV0539,9.7,1.7,7,11.6,13,4,1,13,1,54,5.426,High
DEV0540,7.3,0.2,6,8.5,17,10,2,10,3,8,2.173,Low
DEV0541,9.5,1.7,6,15.0,11,5,2,27,2,44,4.978,Medium
DEV0542,6.5,0.0,8,1.4,9,10,2,29,5,28,1.719,Low
DEV0543,9.0,1.4,4,3.6,10,7,2,24,3,31,2.811,Low
DEV0544,10.4,2.8,7,13.3,12,2,2,28,1,42,6.096,High
DEV0545,4.5,0.7,2,11.6,17,10,1,24,4,27,1.226,Low
DEV0546,7.0,0.3,6,11.8,22,10,2,7,5,47,2.593,Low
DEV0547,9.1,1.0,7,6.3,13,8,2,28,2,29,3.405,Medium
DEV0548,7.9,0.1,5,8.9,18,10,2,21,3,40,2.292,Low
DEV0549,8.8,1.7,7,16.2,11,7,2,28,4,29,4.572,Medium
DEV0550,7.3,0.6,4,15.3,13,10,3,16,4,27,2.458,Low
DEV0551,8.3,0.2,9,15.3,8,7,3,16,4,44,4.448,Medium
DEV0552,8.0,0.0,7,20.0,11,7,1,23,3,36,4.448,Medium
DEV0553,10.0,3.2,10,18.0,14,4,4,39,1,46,6.72,High
DEV0554,8.6,1.3,5,9.3,13,6,3,30,3,48,3.606,Medium
DEV0555,8.7,0.9,6,12.2,17,9,2,19,3,47,3.363,Medium
DEV0556,7.6,0.3,5,6.0,15,7,1,10,4,40,2.529,Low
DEV0557,7.5,0.0,4,11.9,12,9,2,7,5,23,2.329,Low
DEV0558,7.6,0.2,6,19.2,22,8,2,31,2,31,3.903,Medium
DEV0559,8.8,1.4,6,17.0,12,7,1,15,3,62,4.376,Medium
DEV0560,7.6,0.4,7,21.2,18,10,1,18,3,26,3.916,Medium
DEV0561,8.6,0.7,5,11.5,11,7,2,33,4,31,3.67,Medium
DEV0562,11.3,3.8,13,24.5,14,5,3,15,1,33,8.058,High
DEV0563,9.5,1.6,6,12.6,16,7,2,36,2,18,4.349,Medium
DEV0564,7.7,0.3,6,21.0,15,8,2,19,3,36,4.077,Medium
DEV0565,10.0,2.1,10,15.9,2,9,2,16,1,35,5.614,High
DEV0566,7.6,0.1,4,15.9,14,7,2,19,4,33,3.247,Medium
DEV0567,5.1,0.0,4,19.8,21,10,3,10,4,24,2.449,Low
DEV0568,6.7,0.3,2,10.2,17,10,1,22,4,13,1.493,Low
DEV0569,5.4,0.4,5,14.1,17,10,1,11,5,26,1.832,Low
DEV0570,7.7,0.2,6,20.0,7,10,2,6,5,29,3.446,Medium
DEV0571,8.2,0.7,5,12.3,10,6,1,20,3,35,3.806,Medium
DEV0572,10.7,2.6,9,8.8,13,5,3,16,2,61,5.323,High
DEV0573,8.7,1.1,8,25.5,15,6,3,25,4,32,5.336,High
DEV0574,7.9,0.2,4,10.1,18,9,0,12,3,31,2.414,Low
DEV0575,9.4,2.9,6,14.4,12,5,3,20,1,53,4.822,Medium
DEV0576,4.9,0.0,2,17.0,18,10,1,17,5,24,1.596,Low
DEV0577,8.6,1.7,4,9.4,13,7,4,21,2,35,3.57,Medium
DEV0578,9.4,2.3,11,11.6,8,6,3,26,4,26,5.594,High
DEV0579,6.0,0.3,2,12.5,6,10,1,23,5,38,1.817,Low
DEV0580,9.9,3.1,10,7.0,14,5,2,16,3,43,5.178,Medium
DEV0581,8.7,1.3,7,12.8,14,6,3,22,3,46,4.321,Medium
DEV0582,7.6,0.3,4,13.6,11,10,2,2,4,31,2.291,Low
DEV0583,9.1,1.6,7,12.9,6,6,2,26,2,34,4.403,Medium
DEV0584,11.6,4.6,12,9.5,13,1,5,26,1,59,7.365,High
DEV0585,8.5,1.4,6,21.6,12,7,2,15,2,50,4.529,Medium
DEV0586,8.6,0.8,9,15.9,15,6,3,25,1,29,5.203,High
DEV0587,7.5,0.0,7,21.4,21,10,4,30,3,46,3.372,Medium
DEV0588,6.9,0.2,6,12.3,6,10,3,15,3,17,2.814,Low
DEV0589,9.4,1.6,7,9.8,10,7,1,17,3,25,4.369,Medium
DEV0590,6.9,0.2,3,13.1,14,9,2,21,5,30,2.32,Low
DEV0591,8.3,1.3,5,11.9,19,7,1,11,2,59,3.317,Medium
DEV0592,7.5,0.1,6,7.7,7,8,4,15,5,13,2.324,Low
DEV0593,8.9,1.4,7,21.5,21,7,2,33,3,35,4.99,Medium
DEV0594,8.7,1.2,3,8.7,13,8,5,23,2,37,2.845,Low
DEV0595,9.8,2.6,7,5.0,12,6,4,10,2,41,4.161,Medium
DEV0596,7.4,0.0,6,20.2,13,10,2,6,3,28,3.231,Medium
DEV0597,7.8,0.1,5,10.5,12,9,2,22,4,21,2.84,Low
DEV0598,6.7,0.2,7,11.2,19,10,3,26,3,19,2.907,Low
DEV0599,7.5,0.4,6,4.8,10,9,3,8,4,27,2.165,Low
DEV0600,8.8,1.1,9,24.1,14,8,3,27,2,21,5.492,High
DEV0601,9.3,1.0,7,7.8,11,8,4,35,3,32,3.268,Medium
DEV0602,6.8,0.3,6,13.9,11,9,2,34,4,25,2.807,Low
DEV0603,9.5,1.7,10,20.6,23,6,3,27,2,36,6.152,High
DEV0604,10.2,2.2,11,18.7,13,4,3,30,2,52,6.841,High
DEV0605,8.8,1.1,5,12.7,15,8,3,6,4,14,3.428,Medium
DEV0606,11.0,3.4,9,6.9,16,3,3,44,1,50,5.815,High
DEV0607,7.0,0.1,4,8.4,9,10,2,15,3,48,1.671,Low
DEV0608,6.3,0.0,4,13.3,22,10,3,11,5,14,1.964,Low
DEV0609,5.5,0.4,4,8.5,5,10,0,14,4,37,1.465,Low
DEV0610,10.4,3.4,7,15.2,9,4,3,38,1,49,5.526,High
DEV0611,9.2,2.0,8,18.2,11,6,3,42,4,34,5.365,High
DEV0612,8.1,0.1,2,16.0,16,10,3,23,3,11,2.52,Low
DEV0613,8.6,1.0,9,9.3,14,9,1,31,3,30,3.596,Medium
DEV0614,6.5,0.2,4,23.4,14,9,4,19,4,43,3.234,Medium
DEV0615,11.9,4.6,11,20.4,10,4,3,21,2,45,7.84,High
DEV0616,8.4,1.2,6,13.6,9,8,3,34,2,32,3.624,Medium
DEV0617,8.4,0.6,9,20.8,7,8,5,17,3,43,4.921,Medium
DEV0618,9.3,1.8,2,23.0,15,6,2,36,4,44,4.676,Medium
DEV0619,8.9,1.6,6,6.4,16,9,3,34,3,13,2.61,Low
DEV0620,8.5,1.6,6,12.5,19,5,3,27,2,45,4.451,Medium
DEV0621,7.0,0.3,4,1.0,11,9,2,34,3,44,1.202,Low
DEV0622,8.9,1.7,10,17.0,16,8,3,41,3,32,5.497,High
DEV0623,11.0,3.5,8,16.6,10,5,2,26,2,17,6.022,High
DEV0624,10.2,3.3,10,15.8,17,7,3,19,1,40,5.727,High
DEV0625,10.6,3.3,9,12.1,16,7,1,12,2,35,5.409,High
DEV0626,7.4,0.0,8,4.6,15,9,3,38,3,10,2.563,Low
DEV0627,6.7,0.5,3,13.7,13,10,2,15,3,8,1.69,Low
DEV0628,8.0,0.3,4,19.7,17,8,2,31,3,42,3.464,Medium
DEV0629,8.3,0.6,8,11.8,16,9,3,16,4,21,3.708,Medium
DEV0630,9.8,2.1,8,17.0,9,8,1,37,2,23,4.87,Medium
DEV0631,5.7,0.3,1,2.8,10,10,4,11,5,24,0.524,Low
DEV0632,10.5,3.2,8,17.1,10,5,3,17,2,38,6.009,High
DEV0633,8.0,0.2,6,11.6,20,8,2,20,4,34,3.02,Low
DEV0634,7.6,0.3,7,10.4,18,7,2,16,3,34,3.502,Medium
DEV0635,6.7,0.5,3,8.0,10,10,2,24,4,13,1.832,Low
DEV0636,5.7,0.4,1,8.6,11,9,3,16,4,23,1.133,Low
DEV0637,9.4,2.0,8,16.7,17,6,4,29,4,45,5.542,High
DEV0638,8.3,1.2,4,5.8,9,6,3,20,2,41,3.245,Medium
DEV0639,6.3,0.0,1,8.6,17,9,2,13,4,28,0.966,Low
DEV0640,6.3,0.3,1,10.4,12,10,1,13,4,44,1.378,Low
DEV0641,7.7,0.6,7,8.7,20,9,1,37,3,36,2.595,Low
DEV0642,10.7,3.1,10,25.0,8,4,3,29,2,57,7.615,High
DEV0643,7.8,0.0,5,8.7,18,10,2,5,4,23,2.196,Low
DEV0644,5.9,0.1,6,10.3,16,10,3,13,4,27,2.269,Low
DEV0645,7.8,0.0,7,9.3,15,8,3,22,5,28,3.304,Medium
DEV0646,7.8,0.0,8,23.8,6,9,4,36,4,36,4.634,Medium
DEV0647,4.2,0.1,1,13.4,8,10,3,22,5,23,0.88,Low
DEV0648,8.1,0.0,5,8.3,13,9,2,14,3,31,2.562,Low
DEV0649,7.9,0.2,3,17.3,15,8,0,41,4,34,3.152,Low
DEV0650,9.2,2.1,7,15.2,8,5,4,24,3,44,5.088,Medium
DEV0651,11.0,3.1,9,16.7,7,5,4,37,2,74,6.679,High
DEV0652,9.9,3.0,10,14.3,14,6,2,16,3,34,6.113,High
DEV0653,7.8,0.3,6,9.9,16,8,4,2,4,26,2.962,Low
DEV0654,6.5,0.4,6,15.3,14,8,3,7,3,39,3.208,Medium
DEV0655,12.1,4.3,12,14.5,13,2,3,4,2,51,7.956,High
DEV0656,8.3,1.1,10,25.1,9,10,5,39,3,22,4.898,Medium
DEV0657,8.2,0.3,6,7.3,12,10,4,24,3,14,2.383,Low
DEV0658,8.2,1.1,5,20.7,20,7,3,15,3,41,4.67,Medium
DEV0659,8.5,1.1,7,13.6,13,8,3,26,2,38,3.78,Medium
DEV0660,8.0,0.3,4,13.9,14,7,3,23,4,33,3.673,Medium
DEV0661,7.3,0.0,7,18.4,23,10,2,25,3,32,3.664,Medium
DEV0662,7.4,0.0,5,9.8,8,9,2,30,4,10,2.48,Low
DEV0663,8.2,0.9,5,17.3,17,9,1,20,3,21,3.682,Medium
DEV0664,7.4,0.0,5,1.0,21,7,2,13,4,35,1.737,Low
DEV0665,7.1,0.3,6,10.0,13,10,2,26,4,13,2.337,Low
DEV0666,8.4,0.4,6,9.0,17,8,2,29,4,15,3.388,Medium
DEV0667,7.8,0.4,4,6.1,10,10,2,22,3,21,1.707,Low
DEV0668,10.5,2.5,11,15.5,9,7,3,44,2,43,6.212,High
DEV0669,4.2,0.3,1,12.5,18,10,2,10,5,37,0.495,Low
DEV0670,9.8,2.6,8,18.3,15,5,1,18,2,39,5.65,High
DEV0671,10.1,2.3,10,17.2,16,7,3,29,1,44,6.19,High
DEV0672,5.1,0.3,1,7.3,22,10,2,10,4,31,0.518,Low
DEV0673,7.7,0.3,6,15.4,13,8,2,25,4,45,3.402,Medium
DEV0674,7.6,0.1,4,13.0,19,8,2,14,3,29,3.073,Low
DEV0675,6.1,0.0,5,17.7,14,8,1,14,4,15,3.249,Medium
DEV0676,7.0,0.0,3,15.7,18,9,2,35,4,29,2.654,Low
DEV0677,6.5,0.3,6,13.8,16,10,3,15,3,14,2.476,Low
DEV0678,10.8,2.7,11,12.1,13,5,4,21,1,37,6.133,High
DEV0679,9.6,2.1,9,12.1,14,6,4,34,2,37,5.172,Medium
DEV0680,10.1,2.5,9,12.7,5,7,3,17,2,33,5.339,High
DEV0681,9.3,2.1,7,12.6,8,6,3,19,3,42,4.568,Medium
DEV0682,6.5,0.1,3,13.1,15,10,2,23,4,32,1.914,Low
DEV0683,7.4,0.1,8,18.4,7,9,3,28,3,25,3.933,Medium
DEV0684,8.9,1.7,5,12.7,16,8,1,33,2,36,3.937,Medium
DEV0685,6.4,0.3,2,11.3,18,8,1,12,5,33,2.061,Low
DEV0686,9.3,1.9,9,16.1,14,6,4,29,2,50,5.079,Medium
DEV0687,7.8,0.3,4,9.8,9,7,0,17,3,35,2.737,Low
DEV0688,7.6,0.0,4,7.8,19,9,2,16,4,28,1.874,Low
DEV0689,9.3,2.1,5,4.2,21,8,3,34,3,29,3.144,Low
DEV0690,8.9,1.6,6,10.1,13,7,2,19,3,35,3.985,Medium
DEV0691,7.7,0.0,5,15.4,16,8,2,23,3,25,3.27,Medium
DEV0692,9.9,2.3,9,11.9,13,7,3,27,2,28,4.966,Medium
DEV0693,6.6,0.2,6,12.4,17,10,2,10,4,32,2.474,Low
DEV0694,9.1,1.5,8,17.1,12,7,3,31,2,26,4.982,Medium
DEV0695,9.1,1.7,7,16.8,12,8,2,28,3,29,4.422,Medium
DEV0696,7.7,0.5,5,7.6,17,7,3,5,4,47,2.526,Low
DEV0697,8.7,1.6,7,19.2,22,9,4,25,3,25,4.04,Medium
DEV0698,6.3,0.0,6,19.2,9,10,2,12,4,33,3.263,Medium
DEV0699,9.6,2.3,8,9.2,12,7,1,33,3,31,4.559,Medium
DEV0700,7.9,0.5,5,8.9,9,6,2,10,4,30,3.233,Medium
DEV0701,7.4,0.3,4,18.4,20,8,2,17,5,17,3.573,Medium
DEV0702,9.8,2.7,5,12.3,10,7,3,28,1,50,4.059,Medium
DEV0703,7.1,0.6,6,2.5,8,8,1,20,4,21,1.753,Low
DEV0704,6.1,0.4,5,6.0,18,10,1,24,5,32,1.587,Low
DEV0705,5.9,0.2,5,11.8,22,10,3,5,4,15,2.049,Low
DEV0706,9.1,2.0,7,8.4,15,6,3,37,3,54,3.824,Medium
DEV0707,6.3,0.2,6,11.5,16,10,2,22,5,47,2.352,Low
DEV0708,10.8,3.3,9,15.6,13,4,2,38,1,32,6.38,High
DEV0709,5.1,0.1,4,19.7,21,10,5,23,5,14,2.159,Low
DEV0710,10.7,3.8,9,13.9,8,4,4,27,2,56,6.293,High
DEV0711,8.5,0.7,5,18.4,13,9,2,12,2,34,3.242,Medium
DEV0712,8.1,1.2,7,21.3,12,10,3,17,3,32,4.082,Medium
DEV0713,7.4,0.3,6,20.8,9,7,2,33,4,31,4.019,Medium
DEV0714,8.8,0.7,7,15.6,12,5,3,34,2,64,4.851,Medium
DEV0715,8.1,0.7,6,3.8,18,8,3,17,3,34,2.518,Low
DEV0716,9.9,1.6,8,17.1,14,5,3,3,2,32,5.728,High
DEV0717,8.4,1.2,11,21.8,16,8,3,21,4,30,5.03,Medium
DEV0718,8.4,1.3,9,15.0,14,9,1,20,3,16,4.112,Medium
DEV0719,7.7,0.1,7,22.9,16,10,4,19,3,40,4.131,Medium
DEV0720,8.1,0.6,6,17.9,10,8,1,26,4,26,3.878,Medium
DEV0721,8.7,2.0,8,17.6,12,7,1,30,2,41,5.139,Medium
DEV0722,5.6,0.1,3,17.2,16,8,2,25,3,28,2.059,Low
DEV0723,6.2,0.0,4,14.1,16,10,1,21,4,18,2.216,Low
DEV0724,9.3,2.4,7,1.7,14,7,2,10,3,17,3.312,Medium
DEV0725,8.5,1.8,6,11.1,13,8,3,20,3,38,3.473,Medium
DEV0726,7.9,0.2,1,16.6,12,8,3,40,3,45,2.868,Low
DEV0727,8.2,1.1,7,10.2,26,7,3,25,3,27,3.932,Medium
DEV0728,8.7,1.7,6,12.5,17,5,2,26,2,29,4.607,Medium
DEV0729,7.4,0.1,8,9.6,16,6,3,23,4,49,4.008,Medium
DEV0730,7.0,0.1,5,21.9,13,8,3,23,3,16,3.963,Medium
DEV0731,8.5,1.5,4,20.8,11,6,0,3,3,53,4.371,Medium
DEV0732,6.7,0.5,4,8.0,14,10,3,17,4,15,1.738,Low
DEV0733,8.8,1.5,5,13.7,14,7,1,23,2,25,3.838,Medium
DEV0734,5.6,0.0,3,8.4,8,10,4,27,4,27,1.526,Low
DEV0735,9.7,3.0,8,17.9,6,5,2,25,2,34,6.121,High
DEV0736,8.9,1.2,8,17.3,10,3,3,10,3,45,5.602,High
DEV0737,8.6,1.0,5,17.1,14,9,1,26,3,32,3.866,Medium
DEV0738,9.7,2.3,8,16.5,11,5,2,18,1,20,5.374,High
DEV0739,10.7,3.8,7,28.9,17,4,5,17,2,65,7.51,High
DEV0740,9.7,2.5,9,10.3,6,4,4,18,1,49,5.252,High
DEV0741,5.4,0.3,3,3.2,13,10,0,21,5,12,0.262,Low
DEV0742,6.3,0.3,4,10.4,21,10,4,28,4,14,1.947,Low
DEV0743,7.3,0.2,5,5.2,15,8,3,24,4,42,2.332,Low
DEV0744,8.2,0.9,7,6.7,17,8,2,27,3,39,3.201,Medium
DEV0745,9.0,0.5,10,11.0,21,10,3,27,2,38,3.863,Medium
DEV0746,7.1,0.1,4,7.8,11,9,2,21,4,22,1.677,Low
DEV0747,8.5,1.1,7,9.4,13,7,5,28,4,39,3.478,Medium
DEV0748,7.1,0.0,3,14.4,13,8,1,2,5,37,2.376,Low
DEV0749,7.3,0.3,3,9.3,6,7,2,21,4,43,2.333,Low
DEV0750,6.1,0.2,4,11.5,14,10,2,9,4,36,2.035,Low
DEV0751,6.8,0.6,6,18.1,18,10,1,28,5,17,3.382,Medium
DEV0752,6.2,0.5,3,8.0,17,10,4,17,5,23,1.03,Low
DEV0753,6.7,0.1,4,11.1,17,7,1,19,4,30,2.401,Low
DEV0754,9.8,2.2,7,16.0,11,5,3,13,2,44,5.236,High
DEV0755,6.8,0.2,4,2.7,12,9,0,27,5,35,0.844,Low
DEV0756,12.1,4.4,11,4.7,15,3,3,35,1,36,6.693,High
DEV0757,8.9,1.5,4,14.1,11,7,3,28,3,48,3.731,Medium
DEV0758,8.5,0.7,9,17.9,14,8,2,16,3,21,4.657,Medium
DEV0759,6.9,0.0,3,22.1,15,10,3,13,4,21,3.149,Low
DEV0760,9.3,2.0,9,16.2,18,6,3,26,2,53,5.428,High
DEV0761,7.3,0.3,2,15.3,18,10,3,15,3,28,2.094,Low
DEV0762,8.4,0.6,8,13.8,8,8,4,26,4,36,4.134,Medium
DEV0763,12.0,4.9,12,18.7,6,3,3,12,1,41,8.462,High
DEV0764,8.1,0.3,6,21.9,16,10,2,18,3,14,3.939,Medium
DEV0765,9.9,2.5,7,3.6,12,8,3,40,2,42,3.768,Medium
DEV0766,7.1,0.4,5,15.1,12,10,3,23,4,19,2.691,Low
DEV0767,8.1,0.6,3,22.5,17,5,2,23,3,40,4.384,Medium
DEV0768,10.9,3.6,9,16.8,12,7,3,43,1,46,6.093,High
DEV0769,7.3,0.1,6,21.9,14,10,2,2,3,14,3.449,Medium
DEV0770,10.9,3.3,11,13.5,14,7,3,21,2,39,5.966,High
DEV0771,9.3,1.7,8,14.6,11,8,4,21,2,33,4.866,Medium
DEV0772,7.4,0.1,4,12.6,20,10,3,27,2,24,2.702,Low
DEV0773,9.1,1.5,9,4.3,9,8,4,31,1,27,3.978,Medium
DEV0774,9.7,1.6,8,9.0,15,8,3,18,1,27,3.865,Medium
DEV0775,9.1,1.4,3,6.3,18,9,2,32,4,18,2.156,Low
DEV0776,5.8,0.1,5,17.1,10,10,3,14,4,29,2.232,Low
DEV0777,7.1,0.1,4,16.8,13,7,1,29,4,30,3.257,Medium
DEV0778,7.8,0.2,8,16.4,18,8,4,13,4,42,3.458,Medium
DEV0779,8.1,0.6,4,16.5,18,9,0,21,3,26,3.082,Low
DEV0780,9.1,1.8,2,10.4,12,7,2,20,2,26,3.411,Medium
DEV0781,8.5,1.3,7,20.2,10,6,4,31,4,38,5.226,High
DEV0782,6.2,0.1,4,12.4,19,8,1,14,4,28,2.218,Low
DEV0783,8.8,0.8,3,12.1,18,7,2,23,4,47,3.123,Low
DEV0784,9.1,1.2,6,12.3,8,8,2,28,3,29,3.913,Medium
DEV0785,9.0,1.3,12,20.6,8,9,3,28,2,26,5.807,High
DEV0786,9.8,2.2,7,12.1,13,7,3,32,2,51,4.483,Medium
DEV0787,9.5,1.7,9,20.3,15,8,3,26,2,38,5.373,High
DEV0788,8.9,0.9,5,7.3,12,7,0,20,4,53,3.067,Low
DEV0789,8.1,0.4,2,5.7,16,6,1,19,3,53,2.014,Low
DEV0790,5.7,0.2,3,15.2,12,10,3,17,4,16,1.826,Low
DEV0791,8.8,1.5,6,13.2,4,7,3,25,3,46,4.001,Medium
DEV0792,8.5,0.8,6,11.3,11,7,4,21,3,52,3.388,Medium
DEV0793,8.6,0.9,6,18.1,13,8,4,23,3,48,4.299,Medium
DEV0794,6.3,0.0,4,9.4,14,10,2,6,5,34,1.727,Low
DEV0795,6.6,0.2,4,11.4,10,10,5,24,5,34,2.099,Low
DEV0796,9.8,2.0,5,20.0,5,6,2,27,2,37,4.986,Medium
DEV0797,8.1,0.8,6,21.3,11,6,1,30,2,32,4.323,Medium
DEV0798,9.2,1.0,4,20.3,16,7,1,24,2,33,4.483,Medium
DEV0799,8.2,0.6,3,10.4,18,8,0,8,4,16,2.487,Low
DEV0800,8.2,0.8,8,21.0,18,9,4,19,2,42,4.342,Medium
DEV0801,9.6,2.2,8,10.1,9,6,4,23,4,38,4.479,Medium
DEV0802,7.4,0.7,5,8.5,9,9,1,26,4,41,2.355,Low
DEV0803,8.3,0.9,4,1.0,15,8,2,6,3,20,2.285,Low
DEV0804,7.5,0.0,4,20.8,16,9,2,21,3,39,3.229,Medium
DEV0805,7.5,0.2,5,8.7,16,10,1,25,4,20,1.942,Low
DEV0806,7.7,0.0,3,11.2,6,8,0,16,3,20,2.56,Low
DEV0807,8.5,1.0,5,8.4,10,7,2,23,5,53,3.225,Medium
DEV0808,7.5,0.0,7,17.7,14,9,2,15,5,40,3.196,Low
DEV0809,10.1,3.0,11,14.7,14,5,3,20,2,47,6.432,High
DEV0810,6.9,0.1,4,5.9,17,10,2,16,3,25,1.906,Low
DEV0811,7.9,0.2,7,16.4,14,8,4,16,4,37,3.33,Medium
DEV0812,7.5,0.1,2,4.0,15,9,1,26,5,30,1.023,Low
DEV0813,10.4,3.6,10,11.8,12,5,3,20,2,37,5.45,High
DEV0814,8.5,0.9,5,2.5,16,8,3,15,2,28,2.365,Low
DEV0815,9.7,2.9,8,7.7,13,5,3,39,1,64,5.058,Medium
DEV0816,6.0,0.4,3,12.7,15,10,1,25,4,51,1.771,Low
DEV0817,8.6,1.3,9,5.6,12,8,3,8,2,48,3.878,Medium
DEV0818,9.5,2.1,6,6.2,13,7,3,18,3,41,3.856,Medium
DEV0819,8.3,1.0,8,14.8,15,8,2,24,2,29,4.51,Medium
DEV0820,9.8,1.5,7,11.5,13,9,4,28,3,21,4.222,Medium
DEV0821,7.4,0.1,5,23.0,16,8,4,8,3,25,3.859,Medium
DEV0822,10.3,3.1,8,24.0,17,5,2,35,1,39,6.723,High
DEV0823,11.6,4.1,9,11.1,12,2,3,35,1,78,6.636,High
DEV0824,7.7,0.0,5,15.8,11,9,3,25,3,47,3.044,Low
DEV0825,7.5,0.2,5,16.7,17,7,2,31,5,44,3.572,Medium
DEV0826,10.4,3.6,9,12.4,6,5,3,30,2,35,5.863,High
DEV0827,10.6,3.6,9,7.9,7,5,3,30,1,53,5.758,High
DEV0828,7.4,0.2,7,14.1,15,9,1,33,4,26,3.204,Medium
DEV0829,7.6,0.4,7,13.3,16,8,3,30,4,11,3.304,Medium
DEV0830,7.8,0.1,4,10.2,9,8,1,14,4,35,2.406,Low
DEV0831,6.2,0.0,5,15.2,13,10,3,23,5,16,2.511,Low
DEV0832,6.8,0.0,2,7.4,12,10,1,14,5,16,0.899,Low
DEV0833,6.7,0.5,6,7.8,13,9,2,23,4,26,2.25,Low
DEV0834,7.0,0.1,6,14.1,18,9,4,23,3,24,3.196,Low
DEV0835,8.1,0.5,2,13.1,16,10,2,11,4,24,2.299,Low
DEV0836,8.6,1.0,7,8.3,13,7,1,22,3,36,3.595,Medium
DEV0837,10.5,3.8,8,19.4,9,4,2,29,2,30,6.643,High
DEV0838,6.7,0.5,3,2.9,9,9,1,15,3,44,0.994,Low
DEV0839,9.7,3.1,10,13.1,18,5,3,27,2,35,5.669,High
DEV0840,7.9,0.2,4,11.1,16,8,2,28,3,23,2.681,Low
DEV0841,8.1,0.7,4,9.2,11,7,1,21,2,33,2.944,Low
DEV0842,9.2,1.1,8,12.0,15,6,2,26,3,39,4.77,Medium
DEV0843,6.5,0.5,6,23.0,14,9,3,30,3,43,3.769,Medium
DEV0844,8.8,0.8,6,9.3,12,8,2,27,3,35,3.601,Medium
DEV0845,8.4,1.0,9,27.6,15,7,5,24,3,42,6.201,High
DEV0846,8.9,1.0,7,16.4,10,7,3,16,3,39,4.669,Medium
DEV0847,8.6,0.9,3,12.3,12,9,4,28,3,31,3.035,Low
DEV0848,11.9,4.1,10,18.4,11,5,2,32,1,48,7.032,High
DEV0849,7.2,0.1,3,24.4,12,9,0,30,4,9,3.19,Low
DEV0850,7.4,0.1,6,8.6,17,8,1,21,4,30,2.804,Low
DEV0851,7.3,0.1,1,5.0,22,8,3,6,5,44,1.042,Low
DEV0852,7.4,0.4,10,12.2,11,10,5,7,4,64,3.462,Medium
DEV0853,7.2,0.0,5,13.2,7,9,1,26,4,16,2.834,Low
DEV0854,10.0,2.6,9,6.8,4,5,2,21,1,49,5.283,High
DEV0855,10.3,3.3,11,16.7,11,4,2,30,2,43,6.769,High
DEV0856,7.3,0.1,9,23.9,11,8,1,21,4,53,4.67,Medium
DEV0857,7.0,0.1,6,14.4,15,10,3,18,4,11,2.824,Low
DEV0858,8.9,1.3,8,13.3,13,6,3,23,3,47,4.445,Medium
DEV0859,7.4,0.4,6,10.5,8,10,2,13,3,10,2.515,Low
DEV0860,9.1,1.7,7,18.7,5,6,1,24,3,37,5.138,Medium
DEV0861,8.5,0.8,6,9.5,14,8,4,18,4,32,3.254,Medium
DEV0862,5.9,0.3,2,20.4,16,8,1,14,5,43,2.688,Low
DEV0863,10.5,2.6,7,23.9,10,5,3,24,2,34,6.293,High
DEV0864,10.9,3.7,7,15.5,5,4,1,25,1,55,6.015,High
DEV0865,7.3,0.3,4,12.3,16,9,2,27,3,29,2.331,Low
DEV0866,7.6,0.1,2,16.4,19,10,2,20,4,27,2.016,Low
DEV0867,8.6,0.8,7,19.7,14,8,3,31,5,42,4.578,Medium
DEV0868,8.7,0.8,6,9.6,10,7,3,35,3,24,3.709,Medium
DEV0869,9.2,1.9,8,12.2,13,6,3,31,3,49,4.919,Medium
DEV0870,11.2,4.2,9,8.8,5,5,2,32,1,39,5.828,High
DEV0871,7.9,0.1,11,18.6,18,10,3,24,3,35,4.288,Medium
DEV0872,7.0,0.3,7,17.5,15,10,3,26,3,28,3.459,Medium
DEV0873,6.1,0.0,1,3.9,8,10,2,18,3,22,0.548,Low
DEV0874,7.1,0.1,5,10.7,13,10,2,28,5,19,2.263,Low
DEV0875,8.2,0.7,5,6.3,15,10,1,27,2,33,2.579,Low
DEV0876,10.9,3.0,8,10.3,10,3,1,24,1,65,5.895,High
DEV0877,7.4,0.0,3,14.6,13,10,0,27,3,19,2.229,Low
DEV0878,8.5,0.7,7,10.5,8,9,3,23,2,17,3.26,Medium
DEV0879,8.2,0.8,5,11.5,16,6,3,21,4,47,3.258,Medium
DEV0880,10.0,2.4,10,7.9,9,5,4,22,2,30,5.402,High
DEV0881,12.0,3.6,12,18.1,2,3,4,31,1,39,7.909,High
DEV0882,7.4,0.0,8,14.6,12,8,1,28,3,22,3.782,Medium
DEV0883,7.5,0.1,4,8.8,18,8,1,28,3,28,2.718,Low
DEV0884,9.8,2.5,8,13.9,11,6,3,28,2,27,5.152,Medium
DEV0885,9.2,0.6,9,16.3,19,8,3,29,3,13,4.242,Medium
DEV0886,11.0,3.3,9,11.3,13,6,3,38,3,29,5.786,High
DEV0887,9.1,1.4,6,6.2,14,6,3,23,1,47,3.663,Medium
DEV0888,7.7,0.5,8,23.8,13,8,3,12,3,20,4.644,Medium
DEV0889,9.1,1.4,8,11.6,12,9,3,34,2,25,4.049,Medium
DEV0890,9.9,2.6,10,15.5,11,7,2,21,3,56,5.797,High
DEV0891,9.4,2.0,6,18.7,11,7,3,19,3,36,4.701,Medium
DEV0892,9.0,0.6,5,30.0,15,8,2,9,3,36,5.16,Medium
DEV0893,9.8,2.6,6,7.4,8,6,1,30,2,31,4.495,Medium
DEV0894,10.0,2.6,8,17.0,8,6,2,13,1,62,5.476,High
DEV0895,10.3,3.0,7,10.7,7,5,2,20,3,39,5.173,Medium
DEV0896,9.2,3.3,7,11.5,21,7,4,29,3,34,4.045,Medium
DEV0897,7.9,0.0,2,7.6,16,7,2,27,4,50,1.834,Low
DEV0898,8.4,1.6,4,6.8,14,7,2,17,4,35,2.952,Low
DEV0899,10.0,2.4,10,15.8,8,5,2,24,2,45,6.306,High
DEV0900,7.0,0.3,6,6.2,17,9,3,13,5,26,1.908,Low
DEV0901,8.8,1.3,6,18.3,12,6,2,19,3,38,4.745,Medium
DEV0902,7.6,0.1,4,12.7,15,8,2,23,3,36,2.695,Low
DEV0903,8.2,0.5,5,15.1,9,6,4,18,3,46,4.061,Medium
DEV0904,10.1,2.7,8,12.5,12,6,3,24,2,34,4.976,Medium
DEV0905,8.5,0.4,8,13.0,11,8,1,11,3,25,4.016,Medium
DEV0906,8.3,1.1,8,16.2,10,6,1,31,4,34,4.599,Medium
DEV0907,6.2,0.1,3,6.0,18,9,2,22,4,14,1.325,Low
DEV0908,9.3,1.3,5,11.2,6,7,1,30,3,21,3.784,Medium
DEV0909,9.2,1.5,8,10.5,15,6,3,34,3,43,4.46,Medium
DEV0910,11.4,4.4,8,10.3,14,3,3,22,3,62,6.426,High
DEV0911,7.7,0.1,5,2.5,10,9,2,18,3,37,1.789,Low
DEV0912,8.5,1.1,9,22.1,10,8,2,7,2,9,5.153,Medium
DEV0913,8.6,0.8,8,11.4,12,6,4,48,2,38,4.209,Medium
DEV0914,10.6,3.4,9,21.2,13,6,5,26,1,29,6.596,High
DEV0915,8.1,0.9,3,17.1,13,7,2,30,3,38,3.564,Medium
DEV0916,8.6,1.8,7,7.8,15,7,3,13,2,32,3.522,Medium
DEV0917,9.1,1.5,9,10.0,20,7,3,32,2,42,4.36,Medium
DEV0918,8.5,1.3,6,26.4,11,7,2,37,3,36,5.039,Medium
DEV0919,7.5,0.2,8,23.6,7,8,2,20,3,14,4.642,Medium
DEV0920,8.5,1.5,9,15.2,16,7,2,14,3,27,4.652,Medium
DEV0921,9.8,2.0,10,17.3,19,8,2,24,3,33,5.624,High
DEV0922,6.7,0.3,5,9.8,16,8,3,2,4,33,2.585,Low
DEV0923,8.4,0.8,8,17.0,9,10,2,22,4,10,3.795,Medium
DEV0924,7.1,0.2,7,10.6,14,9,0,26,5,13,2.83,Low
DEV0925,10.0,2.5,9,5.2,7,6,3,25,2,41,4.748,Medium
DEV0926,5.9,0.3,3,5.2,18,9,2,15,4,14,1.115,Low
DEV0927,7.4,0.2,5,13.1,9,8,4,25,3,16,2.824,Low
DEV0928,8.8,1.4,7,8.5,12,7,3,28,2,32,3.552,Medium
DEV0929,10.5,3.6,6,13.3,7,4,1,13,1,44,5.771,High
DEV0930,8.1,1.0,5,7.6,14,8,0,22,4,24,2.971,Low
DEV0931,7.4,0.4,7,10.3,13,8,2,40,4,25,3.088,Low
DEV0932,11.0,3.3,6,17.9,12,7,2,17,2,37,5.703,High
DEV0933,6.0,0.0,6,14.8,15,9,3,17,3,21,2.087,Low
DEV0934,4.9,0.4,5,13.0,12,10,2,31,5,25,2.116,Low
DEV0935,8.9,1.8,6,18.0,15,7,4,32,2,33,4.599,Medium
DEV0936,7.4,0.5,6,16.0,14,7,1,16,3,38,3.748,Medium
DEV0937,6.7,0.1,5,20.2,11,10,3,21,4,33,2.986,Low
DEV0938,9.3,1.7,10,13.7,21,6,4,24,4,49,5.579,High
DEV0939,8.6,0.4,8,12.7,15,5,1,17,3,57,4.318,Medium
DEV0940,7.4,0.1,3,5.3,13,10,3,20,3,33,1.665,Low
DEV0941,6.3,0.4,5,10.9,21,8,2,16,4,35,2.539,Low
DEV0942,9.5,1.8,7,19.0,20,5,3,25,2,40,5.635,High
DEV0943,9.2,2.0,8,21.3,12,8,2,18,2,29,5.224,High
DEV0944,8.1,0.5,4,17.2,15,8,3,11,3,24,3.188,Low
DEV0945,11.0,3.6,13,8.8,7,6,2,27,2,41,6.486,High
DEV0946,6.6,0.0,6,19.0,14,10,3,32,4,31,3.142,Low
DEV0947,5.9,0.2,2,2.0,14,9,3,18,4,21,0.882,Low
DEV0948,7.2,0.0,2,15.7,15,10,1,17,4,24,2.091,Low
DEV0949,8.1,0.5,5,11.2,15,7,4,28,3,30,3.166,Low
DEV0950,8.6,0.4,7,17.7,15,10,3,21,3,27,4.108,Medium
DEV0951,7.8,0.4,6,6.9,15,8,3,36,4,27,3.092,Low
DEV0952,8.7,1.5,9,21.3,8,9,1,23,3,21,5.042,Medium
DEV0953,6.3,0.3,5,5.7,11,10,4,24,4,18,1.369,Low
DEV0954,10.4,3.5,10,12.7,9,6,2,20,3,46,6.052,High
DEV0955,8.1,0.2,6,8.6,12,8,3,26,4,32,2.879,Low
DEV0956,9.9,3.1,6,4.8,16,6,1,28,2,36,4.19,Medium
DEV0957,8.7,1.6,6,14.1,8,5,2,22,4,47,4.488,Medium
DEV0958,8.9,1.3,8,23.8,11,8,3,19,3,28,5.623,High
DEV0959,9.1,2.1,7,27.5,16,7,4,19,1,48,5.76,High
DEV0960,8.9,1.0,7,14.7,12,8,1,26,3,23,4.236,Medium
DEV0961,9.2,1.4,7,19.8,14,3,4,29,1,51,5.722,High
DEV0962,10.2,2.5,7,15.4,11,4,4,25,2,34,5.644,High
DEV0963,8.5,0.8,6,16.1,14,7,1,25,2,33,4.038,Medium
DEV0964,9.3,1.4,8,13.1,12,7,4,24,2,20,4.728,Medium
DEV0965,8.1,1.1,4,13.4,16,8,1,22,3,40,3.374,Medium
DEV0966,10.4,2.8,8,17.5,5,5,2,25,1,52,6.142,High
DEV0967,7.2,0.3,3,8.9,13,10,2,20,3,32,1.688,Low
DEV0968,10.9,3.2,12,16.8,12,4,2,49,2,49,7.218,High
DEV0969,8.1,0.0,5,12.7,16,9,3,24,3,20,3.08,Low
DEV0970,6.1,0.3,6,17.7,21,10,3,23,5,16,3.046,Low
DEV0971,8.4,0.1,9,10.1,12,9,3,26,3,44,3.012,Low
DEV0972,7.2,0.2,4,12.1,20,9,3,18,4,43,2.356,Low
DEV0973,9.5,1.5,6,23.2,10,9,2,35,3,30,4.825,Medium
DEV0974,7.2,0.6,1,16.4,19,9,2,18,3,23,2.454,Low
DEV0975,7.5,0.4,3,18.5,17,8,3,29,3,46,3.167,Low
DEV0976,5.4,0.2,1,10.7,12,10,2,14,5,18,1.074,Low
DEV0977,7.5,0.5,8,16.4,15,10,3,13,4,27,3.374,Medium
DEV0978,4.6,0.0,2,16.2,16,10,1,18,5,38,1.452,Low
DEV0979,5.8,0.3,4,20.2,18,10,3,8,4,16,2.8,Low
DEV0980,9.3,1.9,4,2.6,12,7,1,28,3,45,2.535,Low
DEV0981,9.4,2.0,5,6.4,11,4,1,15,2,54,4.563,Medium
DEV0982,8.8,1.8,8,21.3,18,7,3,21,3,36,5.568,High
DEV0983,6.7,0.3,5,11.6,14,9,1,7,2,19,2.43,Low
DEV0984,8.1,0.7,5,9.6,17,9,3,44,3,21,2.564,Low
DEV0985,8.2,0.0,8,8.5,12,9,4,9,3,31,3.075,Low
DEV0986,6.5,0.0,7,11.4,21,10,1,19,4,10,2.507,Low
DEV0987,10.5,3.0,8,7.8,9,7,2,36,2,38,4.818,Medium
DEV0988,9.5,2.0,8,25.3,10,6,1,33,3,46,6.48,High
DEV0989,7.9,0.0,6,13.5,20,9,2,28,4,38,3.025,Low
DEV0990,8.2,1.7,11,16.3,12,9,4,19,2,15,4.943,Medium
DEV0991,8.5,1.6,3,14.7,20,7,2,33,4,50,3.282,Medium
DEV0992,5.1,0.3,4,17.2,19,10,2,23,5,41,2.027,Low
DEV0993,7.8,0.2,5,17.7,13,8,4,23,3,37,3.625,Medium
DEV0994,7.2,0.2,6,19.0,7,9,0,22,4,18,3.638,Medium
DEV0995,6.7,0.0,3,8.6,14,8,3,16,4,29,1.719,Low
DEV0996,7.8,0.2,5,11.5,14,9,2,14,4,28,2.642,Low
DEV0997,10.9,3.5,11,20.4,16,5,3,37,2,47,7.502,High
DEV0998,9.2,1.2,13,15.2,19,8,3,34,4,33,5.752,High
DEV0999,7.3,0.3,6,13.6,11,10,4,13,4,27,2.852,Low
DEV1000,9.1,1.5,6,15.6,16,7,1,22,3,36,3.943,Medium
DEV1001,10.3,2.0,8,18.7,15,4,3,25,2,51,6.662,High
DEV1002,9.6,1.8,7,5.3,17,7,3,24,2,32,3.766,Medium
DEV1003,8.3,0.6,3,15.4,15,9,0,23,4,25,2.887,Low
DEV1004,7.2,0.6,4,11.2,6,10,1,27,4,19,2.096,Low
DEV1005,9.2,1.9,9,18.9,12,8,3,18,2,52,5.305,High
DEV1006,8.8,0.8,4,16.3,8,7,1,16,2,51,3.907,Medium
DEV1007,9.5,2.2,9,23.4,11,6,2,34,3,46,6.42,High
DEV1008,9.2,1.1,8,21.6,16,6,2,20,3,54,5.355,High
DEV1009,9.8,2.7,6,20.3,13,6,3,15,2,48,5.448,High
DEV1010,7.4,0.1,5,20.2,19,9,2,16,4,30,3.866,Medium
DEV1011,10.2,2.7,11,18.1,13,6,4,23,2,25,6.455,High
DEV1012,8.5,1.5,8,15.0,8,7,2,35,3,34,4.515,Medium
DEV1013,11.3,3.3,10,20.4,1,4,2,35,1,45,7.102,High
DEV1014,7.2,0.0,4,16.1,15,8,4,29,4,21,3.071,Low
DEV1015,10.8,3.1,10,14.5,10,6,2,34,2,26,6.316,High
DEV1016,8.5,1.4,6,15.6,9,8,1,30,4,37,4.165,Medium
DEV1017,7.2,0.0,1,10.4,7,9,0,14,3,32,1.548,Low
DEV1018,7.5,0.0,9,11.1,11,8,4,19,4,21,3.632,Medium
DEV1019,7.7,0.1,6,20.1,13,7,2,13,4,29,4.474,Medium
DEV1020,8.8,1.5,7,14.5,16,9,2,21,3,40,4.204,Medium
DEV1021,9.0,2.0,7,24.4,13,8,2,29,3,24,5.183,Medium
DEV1022,7.3,0.1,3,3.7,20,7,3,21,4,38,1.271,Low
DEV1023,8.2,0.5,6,10.8,9,9,2,32,4,27,3.099,Low
DEV1024,11.4,4.4,7,14.4,14,5,5,19,1,50,6.3,High
DEV1025,10.8,2.6,14,24.1,11,5,4,31,1,36,7.752,High
DEV1026,8.9,1.2,4,14.4,16,9,3,13,3,29,3.348,Medium
DEV1027,8.3,0.9,5,14.6,12,8,3,23,3,34,3.477,Medium
DEV1028,8.4,1.1,6,8.0,17,6,2,28,3,43,3.561,Medium
DEV1029,9.1,1.4,10,10.2,14,7,2,22,2,37,4.521,Medium
DEV1030,6.7,0.2,5,14.6,12,10,3,23,4,28,2.768,Low
DEV1031,7.8,0.0,3,5.0,14,8,2,13,4,54,1.87,Low
DEV1032,5.7,0.1,6,10.9,14,10,2,4,5,50,1.844,Low
DEV1033,8.8,1.5,8,17.3,15,5,3,28,3,38,5.453,High
DEV1034,9.2,1.3,8,9.9,8,8,4,38,2,9,3.757,Medium
DEV1035,7.5,0.2,7,22.2,14,8,5,13,4,38,4.567,Medium
DEV1036,10.6,3.3,13,23.9,13,4,4,36,2,50,8.228,High
DEV1037,6.4,0.1,7,6.3,15,10,4,19,4,35,2.248,Low
DEV1038,6.0,0.2,2,6.5,20,10,1,7,4,27,0.858,Low
DEV1039,8.5,0.6,9,4.0,16,8,4,13,2,33,3.171,Low
DEV1040,9.8,2.2,8,10.9,12,5,4,25,3,56,5.087,Medium
DEV1041,10.7,3.4,10,19.8,12,4,2,24,1,61,7.053,High
DEV1042,7.5,0.2,2,9.1,15,7,1,10,4,23,2.069,Low
DEV1043,9.8,2.1,7,16.5,14,6,4,12,2,32,5.099,Medium
DEV1044,8.1,0.7,4,4.8,6,9,1,15,3,27,1.977,Low
DEV1045,7.9,0.3,7,18.2,12,8,1,23,3,33,3.816,Medium
DEV1046,9.5,1.2,9,12.6,6,8,4,24,2,30,4.686,Medium
DEV1047,9.2,2.2,4,12.5,18,8,3,20,3,37,3.64,Medium
DEV1048,5.8,0.1,3,11.3,15,10,2,19,4,34,1.428,Low
DEV1049,10.4,3.1,11,10.2,11,5,3,35,2,62,5.738,High
DEV1050,10.3,3.3,8,9.0,15,8,2,29,2,38,4.418,Medium
DEV1051,7.3,0.0,6,18.4,16,10,3,19,3,16,3.617,Medium
DEV1052,8.8,1.0,7,16.2,8,5,4,31,2,43,4.735,Medium
DEV1053,8.9,1.3,7,19.5,12,8,3,16,4,32,4.802,Medium
DEV1054,8.6,0.8,6,15.2,12,8,5,21,3,38,3.893,Medium
DEV1055,7.4,0.5,3,12.5,7,10,1,19,4,28,1.615,Low
DEV1056,7.2,0.0,2,2.6,11,8,2,10,5,53,1.578,Low
DEV1057,8.2,0.5,8,13.4,13,7,2,19,4,32,4.237,Medium
DEV1058,10.0,2.6,9,15.3,11,5,2,9,2,48,5.696,High
DEV1059,9.0,1.0,7,24.0,7,7,2,39,3,60,5.294,High
DEV1060,7.6,0.1,5,16.4,18,10,3,13,3,19,2.71,Low
DEV1061,9.4,2.0,7,21.9,12,5,3,37,3,46,6.175,High
DEV1062,4.0,0.1,3,14.8,17,10,4,14,5,15,1.118,Low
DEV1063,9.9,2.4,8,11.2,14,4,3,30,2,49,5.265,High
DEV1064,5.6,0.1,1,11.2,12,10,3,13,4,17,0.874,Low
DEV1065,7.7,0.0,7,15.4,16,10,3,23,3,35,3.266,Medium
DEV1066,6.5,0.3,4,7.7,13,9,4,24,5,30,2.054,Low
DEV1067,6.3,0.6,4,10.5,11,9,4,23,4,19,2.418,Low
DEV1068,9.9,2.4,11,15.6,14,7,4,31,2,45,5.73,High
DEV1069,7.5,0.2,5,21.0,20,10,1,18,3,26,3.466,Medium
DEV1070,8.7,1.5,7,3.8,16,8,2,19,2,42,3.106,Low
DEV1071,8.1,0.1,3,17.8,17,8,2,9,4,21,3.034,Low
DEV1072,8.9,2.1,6,8.9,11,5,3,27,3,48,4.665,Medium
DEV1073,8.3,0.9,8,7.9,7,7,3,31,4,44,3.933,Medium
DEV1074,6.3,0.5,1,16.5,21,10,2,31,4,20,1.878,Low
DEV1075,9.7,1.9,8,18.5,20,6,3,27,2,28,5.856,High
DEV1076,7.5,0.6,6,19.9,20,9,2,14,4,28,4.002,Medium
DEV1077,5.9,0.4,4,16.4,14,9,3,4,5,41,2.506,Low
DEV1078,7.6,0.3,7,24.5,9,7,4,29,4,48,4.855,Medium
DEV1079,10.5,3.1,9,18.2,7,4,4,12,1,44,6.892,High
DEV1080,9.5,1.9,10,15.2,6,8,4,22,3,20,4.961,Medium
DEV1081,7.7,0.4,4,14.1,13,10,3,19,4,20,2.935,Low
DEV1082,7.7,0.2,6,19.8,20,10,2,20,3,20,3.485,Medium
DEV1083,7.7,0.0,6,9.7,13,9,2,21,3,33,2.985,Low
DEV1084,11.3,3.4,8,11.5,12,4,2,29,2,47,6.019,High
DEV1085,8.8,1.2,8,13.3,18,9,3,4,2,21,4.078,Medium
DEV1086,8.8,1.4,11,6.1,11,7,3,23,3,48,4.323,Medium
DEV1087,9.7,2.2,7,14.9,20,7,4,7,2,38,4.734,Medium
DEV1088,8.6,1.6,7,4.8,21,7,2,29,1,41,3.326,Medium
DEV1089,7.8,0.0,6,13.9,13,5,2,17,4,27,4.206,Medium
DEV1090,7.9,0.2,4,16.7,11,10,4,4,2,5,2.417,Low
DEV1091,8.1,0.0,2,8.8,16,9,1,15,2,14,1.662,Low
DEV1092,8.1,0.9,4,20.8,12,8,2,17,4,28,3.745,Medium
DEV1093,9.3,1.8,5,5.7,8,7,3,34,3,42,3.104,Low
DEV1094,8.3,1.0,10,22.0,18,8,2,24,3,9,5.592,High
DEV1095,9.3,1.5,7,17.6,17,6,4,27,3,56,5.302,High
DEV1096,8.1,1.1,5,4.4,14,9,3,31,1,30,2.408,Low
DEV1097,8.3,1.2,8,28.4,8,6,4,21,4,54,5.842,High
DEV1098,5.2,0.3,1,10.3,11,10,1,22,5,16,1.117,Low
DEV1099,9.6,2.0,6,9.2,13,7,2,30,2,42,3.682,Medium
DEV1100,8.7,1.4,7,7.2,11,7,3,13,3,37,4.038,Medium
DEV1101,9.7,1.9,9,14.3,11,7,3,37,3,45,4.983,Medium
DEV1102,4.0,0.4,2,10.6,21,10,0,2,5,22,0.688,Low
DEV1103,11.3,4.5,10,16.5,14,3,3,35,1,57,7.254,High
DEV1104,8.0,0.4,6,12.1,19,9,1,9,5,40,2.875,Low
DEV1105,9.9,2.1,9,18.6,8,7,3,30,3,30,6.035,High
DEV1106,6.6,0.3,5,11.1,13,7,0,34,3,39,2.908,Low
DEV1107,9.1,1.1,6,3.9,16,8,1,22,2,14,3.183,Low
DEV1108,6.6,0.3,5,12.3,16,9,3,17,4,36,2.225,Low
DEV1109,7.3,0.3,3,1.0,20,9,1,25,4,48,1.186,Low
DEV1110,11.1,2.9,10,17.8,13,3,2,25,1,40,7.194,High
DEV1111,7.9,0.0,5,8.1,21,8,4,36,3,32,2.634,Low
DEV1112,8.5,0.9,11,17.4,15,9,3,24,2,37,4.638,Medium
DEV1113,9.5,1.9,7,20.8,17,7,3,22,2,37,5.525,High
DEV1114,8.9,0.9,4,7.7,11,7,2,19,3,38,3.044,Low
DEV1115,8.4,1.1,6,18.9,13,8,5,15,3,29,4.039,Medium
DEV1116,8.7,1.3,7,12.0,17,8,2,18,2,28,3.499,Medium
DEV1117,11.8,4.2,14,27.2,17,4,5,26,1,48,9.221,High
DEV1118,8.1,0.3,4,10.6,16,8,2,18,4,33,3.24,Medium
DEV1119,8.5,1.4,4,8.2,13,9,0,17,3,17,2.447,Low
DEV1120,9.8,3.0,9,18.8,18,7,3,42,2,36,5.854,High
DEV1121,9.9,2.2,6,11.4,3,7,3,17,2,52,4.572,Medium
DEV1122,10.0,2.3,8,10.6,6,6,2,27,2,36,4.666,Medium
DEV1123,9.2,1.9,7,11.8,15,8,2,29,2,20,4.024,Medium
DEV1124,6.5,0.1,4,12.2,15,10,2,24,4,23,1.818,Low
DEV1125,10.7,3.1,11,23.3,14,6,3,26,1,33,7.357,High
DEV1126,6.5,0.3,3,2.1,15,10,0,17,4,11,1.085,Low
DEV1127,8.7,0.4,6,13.7,15,7,3,27,3,38,3.892,Medium
DEV1128,7.1,0.5,4,15.5,11,8,2,22,4,25,2.812,Low
DEV1129,8.1,0.6,6,14.6,16,7,1,20,3,30,3.721,Medium
DEV1130,8.7,1.0,7,20.7,17,9,3,10,1,30,4.354,Medium
DEV1131,8.7,1.2,7,13.8,18,6,3,19,3,25,4.235,Medium
DEV1132,8.8,1.3,8,13.9,21,8,4,14,4,15,4.27,Medium
DEV1133,10.6,2.4,9,18.4,12,6,3,21,2,47,6.215,High
DEV1134,8.9,2.0,7,14.7,14,8,3,24,2,13,4.438,Medium
DEV1135,7.8,0.2,3,9.8,8,9,2,24,4,19,2.158,Low
DEV1136,9.6,2.3,8,17.4,10,5,3,39,2,27,5.691,High
DEV1137,10.0,2.9,9,12.1,11,5,2,21,2,40,5.574,High
DEV1138,6.4,0.0,5,9.9,19,8,1,24,4,37,2.051,Low
DEV1139,9.1,1.8,6,11.0,10,6,3,26,3,42,4.222,Medium
DEV1140,9.3,1.7,6,20.4,16,7,2,34,4,60,4.853,Medium
DEV1141,7.8,0.4,4,1.0,14,7,2,26,4,47,1.651,Low
DEV1142,10.3,1.9,9,17.4,11,8,4,18,4,23,5.484,High
DEV1143,8.0,0.2,7,14.4,14,7,2,8,3,25,3.758,Medium
DEV1144,8.4,0.7,6,5.2,12,10,2,25,4,52,2.426,Low
DEV1145,7.9,0.3,7,15.7,12,10,2,17,3,35,3.57,Medium
DEV1146,8.2,0.9,7,16.6,7,9,3,14,3,34,3.71,Medium
DEV1147,6.6,0.1,4,15.3,14,9,2,9,5,29,2.548,Low
DEV1148,6.0,0.1,3,1.0,13,10,3,19,4,27,0.158,Low
DEV1149,10.6,3.1,10,22.8,9,4,2,39,2,34,7.587,High
DEV1150,6.9,0.0,5,9.3,16,10,2,16,5,26,1.728,Low
DEV1151,6.7,0.4,9,18.8,17,9,4,24,3,29,3.867,Medium
DEV1152,5.0,0.1,1,14.3,17,10,2,15,5,15,1.418,Low
DEV1153,7.2,0.0,5,8.6,18,8,1,10,3,27,2.373,Low
DEV1154,6.2,0.1,3,15.1,17,7,3,24,5,52,2.351,Low
DEV1155,10.7,2.8,8,12.9,10,4,1,18,2,47,6.003,High
DEV1156,9.7,1.5,7,3.8,10,8,3,25,2,53,3.528,Medium
DEV1157,7.2,0.0,5,18.8,15,9,1,17,4,11,3.113,Low
DEV1158,11.6,4.1,15,15.1,13,4,5,36,1,43,7.905,High
DEV1159,9.7,2.7,7,9.9,18,7,1,16,2,21,4.353,Medium
DEV1160,7.7,0.3,3,9.8,19,10,3,24,3,12,1.909,Low
DEV1161,4.5,0.1,2,12.6,14,10,2,8,5,16,0.651,Low
DEV1162,11.6,4.3,7,13.9,10,3,2,25,2,56,6.494,High
DEV1163,6.1,0.1,3,14.5,18,8,2,2,4,35,2.657,Low
DEV1164,5.7,0.1,4,5.7,20,10,3,34,4,18,0.921,Low
DEV1165,9.7,1.7,9,11.7,16,9,2,29,2,6,4.303,Medium
DEV1166,11.9,3.7,12,16.6,10,4,2,23,1,63,7.333,High
DEV1167,10.3,2.6,8,24.3,7,4,3,17,1,46,6.962,High
DEV1168,9.0,1.6,7,13.6,9,8,1,20,2,21,4.421,Medium
DEV1169,9.1,1.6,6,19.0,14,7,2,29,4,39,4.986,Medium
DEV1170,9.5,1.8,5,13.2,14,6,5,9,3,43,4.08,Medium
DEV1171,9.3,1.4,8,12.4,8,8,2,23,2,29,4.41,Medium
DEV1172,8.6,1.3,4,11.2,13,8,3,37,3,34,3.447,Medium
DEV1173,8.4,0.4,6,12.8,16,7,2,13,2,25,3.782,Medium
DEV1174,8.1,0.9,4,15.4,9,8,3,22,2,40,3.446,Medium
DEV1175,7.1,0.0,5,19.9,19,10,3,37,3,15,3.026,Low
DEV1176,7.8,0.0,9,17.2,12,9,4,26,5,22,4.104,Medium
DEV1177,5.7,0.0,1,16.5,20,10,1,18,4,31,1.807,Low
DEV1178,8.1,0.4,2,6.4,11,9,4,26,2,41,1.816,Low
DEV1179,6.7,0.4,4,10.3,10,9,2,16,5,44,1.87,Low
DEV1180,6.5,0.3,5,9.4,13,10,2,29,4,35,1.859,Low
DEV1181,8.5,1.4,7,15.8,13,3,3,19,2,49,5.452,High
DEV1182,10.3,3.0,8,13.0,10,5,2,10,1,29,5.655,High
DEV1183,9.6,1.7,7,17.8,11,7,2,22,3,51,5.024,Medium
DEV1184,5.8,0.1,4,7.7,17,10,2,9,5,38,1.219,Low
DEV1185,6.7,0.0,6,13.8,14,9,2,17,5,22,3.028,Low
DEV1186,9.6,2.6,4,15.8,12,5,5,23,1,54,5.112,Medium
DEV1187,6.7,0.0,4,2.1,8,10,1,28,4,21,1.273,Low
DEV1188,7.9,0.4,6,24.2,15,9,4,27,3,44,4.559,Medium
DEV1189,9.0,1.9,6,12.2,12,8,3,26,1,27,3.828,Medium
DEV1190,6.7,0.6,8,4.7,21,7,3,19,4,56,2.7,Low
DEV1191,8.4,0.7,5,13.8,9,8,1,14,3,40,3.409,Medium
DEV1192,6.2,0.3,3,12.0,8,9,1,2,4,46,1.928,Low
DEV1193,7.3,0.7,6,13.2,17,8,2,21,4,28,3.536,Medium
DEV1194,8.7,1.0,5,18.0,14,7,0,29,2,41,4.443,Medium
DEV1195,5.8,0.0,1,14.3,11,10,1,16,4,15,1.478,Low
DEV1196,8.9,0.6,6,15.1,7,9,1,19,3,37,3.414,Medium
DEV1197,8.2,1.0,8,17.1,19,6,4,26,4,49,4.432,Medium
DEV1198,9.0,0.7,7,13.7,18,10,3,23,4,48,3.658,Medium
DEV1199,8.5,0.9,5,21.9,3,8,3,36,4,37,4.496,Medium
DEV1200,10.2,2.9,10,8.6,10,6,4,36,2,48,5.284,High
DEV1201,8.4,1.0,6,14.3,20,9,3,30,3,24,3.933,Medium
DEV1202,7.6,0.3,5,13.3,12,7,4,27,4,42,3.054,Low
DEV1203,8.4,1.0,7,18.3,11,7,2,12,2,33,4.308,Medium
DEV1204,9.0,2.0,9,11.2,12,7,3,29,3,38,4.487,Medium
DEV1205,8.3,0.4,11,7.9,9,10,4,25,2,26,3.42,Medium
DEV1206,8.3,0.5,8,15.6,6,8,1,27,3,29,4.255,Medium
DEV1207,7.1,0.0,7,15.6,18,10,5,24,5,25,3.006,Low
DEV1208,7.2,0.4,4,19.8,7,8,2,24,4,29,3.11,Low
DEV1209,6.1,0.4,2,4.8,16,10,2,39,3,21,0.968,Low
DEV1210,10.8,3.5,10,21.8,15,7,4,26,1,47,6.368,High
DEV1211,6.3,0.4,4,24.2,9,10,3,26,3,26,2.976,Low
DEV1212,7.2,0.0,3,9.9,10,9,2,16,4,32,1.625,Low
DEV1213,7.1,0.5,4,5.9,19,10,2,26,4,10,1.661,Low
DEV1214,9.5,2.6,8,12.8,14,7,1,32,3,41,4.887,Medium
DEV1215,7.8,0.3,6,13.7,11,9,2,24,5,34,3.553,Medium
DEV1216,10.1,3.3,9,18.2,17,7,3,39,3,33,6.093,High
DEV1217,7.2,0.0,5,10.0,19,10,3,13,4,45,2.448,Low
DEV1218,8.6,0.9,6,21.4,14,8,4,19,3,10,4.558,Medium
DEV1219,6.9,0.1,4,6.8,11,10,2,21,4,32,1.375,Low
DEV1220,11.4,4.2,7,5.5,9,4,1,35,1,56,5.436,High
DEV1221,6.4,0.0,7,19.7,16,9,4,20,5,34,3.608,Medium
DEV1222,8.7,1.5,7,2.8,12,7,4,33,3,38,3.331,Medium
DEV1223,9.2,2.2,7,13.2,16,7,3,19,2,42,4.426,Medium
DEV1224,8.8,1.6,5,28.6,7,5,2,14,3,53,5.918,High
DEV1225,7.9,0.3,11,16.5,8,9,4,24,4,21,4.293,Medium
DEV1226,8.0,0.0,4,6.8,14,5,5,21,4,47,2.671,Low
DEV1227,8.3,0.5,6,13.3,11,10,3,26,2,23,2.897,Low
DEV1228,8.0,0.4,6,13.3,11,10,1,21,4,14,3.015,Low
DEV1229,9.6,2.4,9,16.2,5,6,2,22,2,48,5.344,High
DEV1230,11.5,4.0,12,20.5,11,4,4,28,2,43,7.815,High
DEV1231,7.4,0.1,9,10.2,14,9,1,21,4,14,3.441,Medium
DEV1232,6.1,0.0,4,20.8,18,9,2,15,5,23,2.704,Low
DEV1233,8.1,0.2,4,13.6,14,9,2,20,3,21,2.729,Low
DEV1234,12.1,5.4,10,19.6,10,3,5,26,1,63,8.084,High
DEV1235,7.0,0.0,5,9.9,19,9,4,26,5,30,2.339,Low
DEV1236,10.7,3.3,13,24.2,6,5,4,28,1,58,7.79,High
DEV1237,10.7,3.6,7,12.9,13,3,0,45,1,46,6.177,High
DEV1238,7.4,0.0,8,16.2,7,9,4,22,4,37,3.758,Medium
DEV1239,9.1,1.7,8,10.1,9,7,3,19,2,65,4.508,Medium
DEV1240,10.6,3.5,10,11.0,7,5,3,48,3,48,5.964,High
DEV1241,7.6,0.2,5,16.4,17,8,1,24,4,41,3.257,Medium
DEV1242,7.9,0.8,4,10.2,13,10,1,29,3,31,2.213,Low
DEV1243,7.3,0.0,6,9.3,14,9,1,25,4,14,2.581,Low
DEV1244,6.7,0.4,6,10.4,10,10,0,24,5,30,2.255,Low
DEV1245,7.2,0.2,6,17.1,13,10,2,24,4,28,2.996,Low
DEV1246,6.4,0.4,3,8.7,12,10,1,9,4,22,1.38,Low
DEV1247,8.3,1.0,5,12.4,15,8,5,25,3,24,3.193,Low
DEV1248,7.0,0.1,2,11.3,10,9,2,9,4,35,1.89,Low
DEV1249,8.6,1.2,8,5.2,18,9,4,21,2,19,2.857,Low
DEV1250,5.9,0.0,4,5.0,8,10,1,11,5,46,1.131,Low
DEV1251,8.7,1.4,5,14.7,10,9,2,26,2,30,3.695,Medium
DEV1252,9.5,2.1,7,10.5,19,6,3,27,2,28,4.404,Medium
DEV1253,5.2,0.3,2,16.5,14,10,1,20,5,19,2.054,Low
DEV1254,8.8,1.7,4,17.2,8,8,2,25,3,30,3.904,Medium
DEV1255,10.0,2.6,7,17.8,13,5,2,21,1,69,5.388,High
DEV1256,6.4,0.2,1,19.7,13,10,1,16,5,16,2.074,Low
DEV1257,10.7,2.8,9,15.0,8,2,5,34,1,55,6.683,High
DEV1258,8.8,1.0,5,16.2,8,7,3,32,3,31,4.15,Medium
DEV1259,7.1,0.4,2,8.3,25,9,2,11,4,33,1.589,Low
DEV1260,8.1,1.2,9,27.7,12,7,3,9,3,31,5.638,High
DEV1261,9.0,1.4,10,25.9,5,6,4,18,2,29,6.151,High
DEV1262,8.3,0.8,5,13.1,19,7,2,30,4,35,3.429,Medium
DEV1263,9.0,1.1,8,16.7,15,7,2,33,3,34,4.678,Medium
DEV1264,6.8,0.4,5,19.8,11,8,2,12,4,27,3.273,Medium
DEV1265,8.5,1.3,9,14.7,9,8,4,25,4,27,4.333,Medium
DEV1266,6.1,0.6,2,7.9,18,10,3,32,5,36,1.272,Low
DEV1267,8.0,0.0,7,18.6,13,9,2,25,4,25,4.19,Medium
DEV1268,6.8,0.1,4,12.8,7,10,3,30,4,13,2.291,Low
DEV1269,7.1,0.2,2,12.1,21,10,2,28,4,20,2.041,Low
DEV1270,10.1,2.9,10,11.8,10,7,3,18,2,37,5.585,High
DEV1271,9.8,2.2,10,7.4,18,8,3,24,1,19,4.687,Medium
DEV1272,9.1,1.3,12,18.4,18,7,3,24,3,53,5.762,High
DEV1273,6.6,0.4,2,15.7,11,9,3,20,4,37,2.258,Low
DEV1274,7.7,0.3,7,13.1,18,10,3,28,4,39,2.996,Low
DEV1275,10.0,2.1,8,22.0,9,7,3,29,2,40,5.776,High
DEV1276,8.4,1.4,8,11.3,6,9,1,2,2,8,3.744,Medium
DEV1277,11.7,4.7,8,9.5,9,6,2,18,1,56,5.943,High
DEV1278,8.8,1.4,4,12.1,14,7,2,6,2,28,3.615,Medium
DEV1279,8.5,1.0,5,12.6,11,8,1,24,4,25,3.378,Medium
DEV1280,7.7,0.3,6,17.4,13,7,2,23,3,38,3.921,Medium
DEV1281,8.4,0.6,5,9.1,18,10,2,25,3,38,2.637,Low
DEV1282,8.0,0.2,7,21.0,14,8,3,14,4,43,4.473,Medium
DEV1283,9.3,0.9,9,25.2,9,7,3,29,3,46,5.586,High
DEV1284,9.6,2.5,9,15.2,15,6,2,30,1,37,5.285,High
DEV1285,7.0,0.0,7,20.4,15,9,2,9,4,25,3.961,Medium
DEV1286,6.2,0.5,4,7.1,5,9,2,6,4,32,1.658,Low
DEV1287,5.4,0.1,1,16.0,17,10,3,16,4,23,1.355,Low
DEV1288,9.0,1.4,10,21.2,14,6,3,38,2,49,5.847,High
DEV1289,6.5,0.1,3,16.1,15,9,1,32,4,37,2.327,Low
DEV1290,5.0,0.1,4,12.3,19,10,2,20,4,30,1.662,Low
DEV1291,8.8,1.9,9,1.0,10,8,5,17,4,7,3.098,Low
DEV1292,11.9,3.4,11,13.4,12,5,4,36,2,46,6.795,High
DEV1293,8.2,1.2,4,9.3,7,9,3,18,3,27,2.679,Low
DEV1294,9.5,2.1,6,8.7,14,9,3,18,2,30,3.619,Medium
DEV1295,8.3,0.3,9,16.0,21,6,4,5,3,33,4.795,Medium
DEV1296,8.1,0.2,5,10.9,9,7,3,23,4,23,3.263,Medium
DEV1297,9.6,2.8,8,10.7,9,5,3,20,3,49,4.995,Medium
DEV1298,7.8,0.0,7,8.9,11,8,4,22,3,29,2.842,Low
DEV1299,8.6,0.6,8,11.2,14,7,2,4,2,42,4.511,Medium
DEV1300,8.7,1.7,7,19.8,9,7,1,24,4,30,4.87,Medium
DEV1301,7.2,0.3,4,9.1,16,9,2,2,2,43,2.093,Low
DEV1302,9.7,1.8,7,11.6,16,6,3,34,2,51,4.766,Medium
DEV1303,7.9,0.2,7,11.9,16,8,2,25,3,35,3.719,Medium
DEV1304,7.1,0.0,5,14.7,7,7,3,17,3,34,3.091,Low
DEV1305,9.0,1.9,7,16.5,17,6,1,28,3,49,4.73,Medium
DEV1306,6.9,0.4,6,1.0,18,9,2,11,4,32,1.402,Low
DEV1307,8.2,0.9,6,18.7,17,8,2,22,3,35,4.429,Medium
DEV1308,8.2,0.8,5,20.2,15,7,1,28,4,47,4.032,Medium
DEV1309,9.8,3.0,6,8.3,13,5,4,2,3,59,4.564,Medium
DEV1310,8.9,1.4,5,8.1,17,6,1,20,3,28,3.365,Medium
DEV1311,8.2,0.2,6,11.3,21,8,2,22,3,22,2.94,Low
DEV1312,9.4,2.1,10,12.2,9,5,4,23,4,37,5.402,High
DEV1313,10.3,3.6,7,15.3,16,4,3,38,2,33,5.752,High
DEV1314,9.0,1.1,8,5.1,12,6,2,15,3,40,3.692,Medium
DEV1315,8.2,0.6,5,7.4,13,8,3,17,4,39,3.121,Low
DEV1316,6.2,0.3,3,19.5,9,9,2,3,4,28,2.755,Low
DEV1317,6.6,0.2,2,6.6,13,10,4,31,4,19,1.266,Low
DEV1318,7.7,0.0,5,19.2,10,9,3,19,4,40,3.595,Medium
DEV1319,7.3,0.4,4,14.2,12,9,2,17,4,30,2.67,Low
DEV1320,7.9,0.7,6,4.6,9,7,2,21,2,40,2.682,Low
DEV1321,8.3,0.9,7,17.4,11,8,2,27,3,44,4.26,Medium
DEV1322,9.0,1.1,5,12.4,11,8,1,26,4,31,3.594,Medium
DEV1323,8.1,0.0,7,11.9,14,9,4,43,3,49,3.106,Low
DEV1324,8.9,1.5,7,15.4,6,9,3,27,4,24,4.136,Medium
DEV1325,8.3,1.2,7,16.6,7,8,3,18,4,52,4.049,Medium
DEV1326,5.2,0.3,2,14.7,17,10,3,11,4,15,1.456,Low
DEV1327,6.8,0.2,4,18.3,11,10,0,16,4,30,2.643,Low
DEV1328,8.0,0.1,6,15.6,18,9,4,9,3,22,3.126,Low
DEV1329,6.4,0.0,4,5.5,16,9,2,19,5,40,1.0,Low
DEV1330,9.1,1.9,4,10.0,15,6,3,30,4,36,3.522,Medium
DEV1331,10.5,3.4,8,29.5,17,6,2,22,2,43,7.541,High
DEV1332,10.0,1.9,8,18.4,11,7,2,19,2,30,5.358,High
DEV1333,7.9,0.5,6,25.4,11,9,3,33,3,38,4.565,Medium
DEV1334,10.4,3.1,11,23.6,15,7,5,15,2,30,6.475,High
DEV1335,8.4,1.5,5,14.2,15,6,3,6,2,57,3.838,Medium
DEV1336,7.7,0.0,5,14.5,13,8,4,12,4,23,2.889,Low
DEV1337,7.3,0.0,4,12.2,20,9,2,8,5,15,2.37,Low
DEV1338,7.7,0.2,4,3.7,13,8,1,24,2,42,2.404,Low
DEV1339,7.6,0.3,5,13.1,14,10,1,18,4,19,2.742,Low
DEV1340,8.5,1.7,8,20.9,13,8,2,21,4,32,5.319,High
DEV1341,8.4,1.2,5,10.0,9,8,0,32,3,29,3.109,Low
DEV1342,8.2,0.6,7,16.3,14,7,2,16,4,23,4.483,Medium
DEV1343,8.9,1.0,3,16.1,18,7,1,30,2,36,4.095,Medium
DEV1344,10.0,3.0,7,9.7,14,6,2,38,2,53,4.748,Medium
DEV1345,9.6,1.7,7,11.9,12,7,3,21,2,47,4.302,Medium
DEV1346,6.0,0.5,7,9.1,14,9,3,23,4,31,2.146,Low
DEV1347,4.4,0.1,1,6.5,18,10,2,12,4,36,0.128,Low
DEV1348,9.6,2.7,4,6.0,15,8,2,32,3,22,3.236,Medium
DEV1349,6.1,0.3,1,6.1,17,10,0,5,5,21,1.106,Low
DEV1350,7.9,0.2,6,20.7,12,9,2,8,3,32,3.621,Medium
DEV1351,6.4,0.1,5,8.4,16,8,1,15,3,31,2.192,Low
DEV1352,5.5,0.1,3,12.4,17,10,2,9,5,22,1.147,Low
DEV1353,9.0,1.7,8,12.3,9,9,4,19,3,16,3.985,Medium
DEV1354,9.3,1.8,10,21.9,13,8,4,22,2,12,5.802,High
DEV1355,7.3,0.1,4,19.0,5,10,3,26,5,33,3.013,Low
DEV1356,4.3,0.2,3,16.1,18,10,2,11,4,27,1.658,Low
DEV1357,7.4,0.2,3,13.3,17,9,1,14,2,38,2.469,Low
DEV1358,8.8,0.4,5,11.8,16,8,2,20,3,28,3.416,Medium
DEV1359,6.0,0.3,1,4.6,14,9,0,11,5,21,0.729,Low
DEV1360,8.5,0.6,6,23.3,14,8,3,15,2,33,4.39,Medium
DEV1361,8.2,0.2,6,9.8,19,10,2,9,3,33,2.31,Low
DEV1362,9.1,0.9,8,18.1,18,7,1,24,3,34,4.811,Medium
DEV1363,8.4,0.2,7,19.5,13,7,2,18,4,45,4.483,Medium
DEV1364,6.7,0.0,3,9.0,15,10,1,27,4,14,1.761,Low
DEV1365,10.0,2.2,8,20.0,16,6,3,14,3,39,5.82,High
DEV1366,8.0,0.6,3,15.6,7,9,3,17,3,28,2.841,Low
DEV1367,8.2,0.5,9,24.0,12,8,3,36,3,45,5.237,High
DEV1368,6.8,0.2,4,10.1,20,10,0,12,4,27,1.836,Low
DEV1369,7.5,0.3,5,6.6,18,7,2,19,3,54,2.732,Low
DEV1370,6.9,0.2,7,11.7,16,10,2,10,2,11,3.076,Low
DEV1371,7.9,0.2,3,12.8,8,8,2,11,3,34,3.128,Low
DEV1372,10.8,2.8,7,14.5,11,3,2,39,2,54,6.069,High
DEV1373,6.1,0.5,2,9.2,13,10,2,19,4,31,1.317,Low
DEV1374,5.8,0.6,3,2.3,17,10,2,18,5,16,1.006,Low
DEV1375,10.4,2.2,9,17.8,8,4,3,13,1,65,6.31,High
DEV1376,7.9,0.0,7,24.1,9,7,3,24,4,37,4.916,Medium
DEV1377,7.2,0.1,9,17.7,6,9,2,29,4,18,3.723,Medium
DEV1378,9.8,1.9,3,14.8,17,7,1,34,1,36,3.938,Medium
DEV1379,7.3,0.3,6,16.5,12,10,4,25,4,21,3.331,Medium
DEV1380,10.9,3.1,8,16.8,12,5,3,18,1,72,6.026,High
DEV1381,9.2,2.6,6,18.3,13,7,3,26,4,47,4.884,Medium
DEV1382,7.5,0.4,4,14.4,10,9,3,26,2,29,2.455,Low
DEV1383,11.4,4.0,8,13.2,6,2,3,14,2,55,7.141,High
DEV1384,7.3,0.4,8,10.8,10,7,4,11,3,46,3.803,Medium
DEV1385,9.3,2.2,9,14.2,10,6,1,31,1,50,5.288,High
DEV1386,8.6,0.9,7,15.8,14,7,3,30,3,7,4.442,Medium
DEV1387,10.2,2.4,11,15.0,9,7,3,14,2,43,5.919,High
DEV1388,10.5,3.0,6,15.2,18,6,4,33,2,41,5.547,High
DEV1389,8.2,1.0,4,14.6,17,9,3,23,4,15,3.016,Low
DEV1390,7.1,0.2,1,14.8,17,9,1,26,5,37,2.196,Low
DEV1391,8.9,0.8,5,19.4,12,6,3,18,2,63,4.785,Medium
DEV1392,7.2,0.0,5,13.4,20,10,2,25,5,30,2.743,Low
DEV1393,11.2,3.7,10,9.5,10,5,3,35,1,56,5.598,High
DEV1394,8.4,0.9,7,12.5,13,5,2,19,3,63,4.23,Medium
DEV1395,7.7,0.6,3,12.0,14,7,2,21,3,28,2.626,Low
DEV1396,8.5,0.4,8,5.6,16,7,2,17,3,18,3.42,Medium
DEV1397,6.2,0.3,4,19.3,17,10,2,31,4,31,2.247,Low
DEV1398,6.7,0.5,6,14.3,13,8,2,18,3,30,2.731,Low
DEV1399,10.0,3.4,5,14.9,10,5,2,18,1,31,5.604,High
DEV1400,7.2,0.1,5,19.8,17,9,3,14,4,28,3.484,Medium
DEV1401,6.6,0.3,2,8.0,17,9,1,20,4,36,1.464,Low
DEV1402,9.0,1.7,7,17.1,11,6,2,30,2,39,5.023,Medium
DEV1403,10.0,2.6,9,14.9,6,5,3,15,3,37,5.839,High
DEV1404,9.3,1.8,8,13.9,12,5,2,39,2,42,5.339,High
DEV1405,9.7,2.4,6,9.7,15,7,2,27,2,36,4.034,Medium
DEV1406,7.1,0.0,5,21.3,21,10,2,23,4,5,3.297,Medium
DEV1407,6.1,0.3,1,8.7,10,9,0,17,4,27,1.205,Low
DEV1408,10.5,3.1,11,20.1,10,7,2,27,2,23,6.371,High
DEV1409,7.7,0.2,5,3.6,12,8,4,20,2,39,2.365,Low
DEV1410,7.8,0.6,8,20.7,19,10,3,29,3,9,4.041,Medium
DEV1411,10.2,2.4,8,20.1,12,5,2,26,1,55,6.353,High
DEV1412,9.0,1.3,7,14.7,9,5,3,30,2,40,4.853,Medium
DEV1413,8.9,2.2,5,11.9,15,7,3,20,2,31,4.227,Medium
DEV1414,11.4,3.6,11,18.6,9,5,4,30,1,47,6.992,High
DEV1415,7.2,0.1,3,23.2,9,9,2,13,3,20,3.083,Low
DEV1416,9.6,2.0,9,6.6,9,6,4,34,2,43,4.359,Medium
DEV1417,8.3,1.1,6,17.5,20,8,0,15,4,25,4.087,Medium
DEV1418,8.6,1.2,3,7.2,15,7,1,20,3,31,3.048,Low
DEV1419,10.5,2.5,7,14.1,12,5,3,24,1,49,5.779,High
DEV1420,9.0,1.3,5,11.8,12,8,3,21,3,21,3.078,Low
DEV1421,9.0,1.3,8,12.7,14,7,2,29,3,24,4.48,Medium
DEV1422,9.8,2.3,5,12.9,13,7,3,23,2,39,3.647,Medium
DEV1423,7.7,0.3,7,8.5,15,8,2,32,3,32,3.179,Low
DEV1424,6.9,0.3,4,17.5,15,9,2,13,4,30,3.104,Low
DEV1425,6.6,0.0,4,3.4,18,8,3,20,5,36,1.512,Low
DEV1426,5.3,0.4,4,15.1,16,10,3,10,3,25,1.997,Low
DEV1427,11.3,3.9,11,15.0,7,1,2,31,1,67,7.685,High
DEV1428,6.5,0.5,4,6.5,12,9,1,18,5,29,1.543,Low
DEV1429,7.9,0.3,4,13.4,6,8,2,20,4,12,3.056,Low
DEV1430,7.8,0.4,2,3.4,22,9,2,31,4,11,1.314,Low
DEV1431,8.7,1.4,5,13.2,16,7,2,18,3,56,3.996,Medium
DEV1432,9.4,2.4,6,6.5,9,7,3,29,3,37,3.727,Medium
DEV1433,9.5,2.2,8,17.1,11,4,3,18,4,58,5.628,High
DEV1434,7.3,0.2,4,7.8,12,9,3,21,4,25,1.703,Low
DEV1435,7.9,0.7,7,11.9,20,6,1,12,3,40,3.527,Medium
DEV1436,8.6,1.5,5,14.5,7,6,3,17,3,36,4.393,Medium
DEV1437,7.8,0.3,5,9.1,14,8,0,20,5,57,2.618,Low
DEV1438,10.6,2.6,11,16.3,11,7,4,41,1,39,6.198,High
DEV1439,8.9,0.9,7,6.6,16,8,3,24,3,27,3.667,Medium
DEV1440,9.3,1.9,7,17.4,12,7,2,37,1,20,4.797,Medium
DEV1441,9.2,1.8,6,22.4,6,7,4,26,3,56,5.035,Medium
DEV1442,10.0,2.3,7,28.2,11,5,2,22,1,43,6.654,High
DEV1443,8.5,1.1,5,13.5,9,7,2,35,3,44,3.726,Medium
DEV1444,6.3,0.5,3,15.7,15,10,2,22,3,33,2.538,Low
DEV1445,8.8,1.6,8,5.9,19,6,5,18,3,36,4.263,Medium
DEV1446,7.2,0.0,4,19.9,7,10,3,24,5,31,3.074,Low
DEV1447,7.4,0.2,3,15.7,11,8,3,18,3,26,3.12,Low
DEV1448,9.1,1.3,11,14.2,10,8,2,8,3,23,4.974,Medium
DEV1449,10.1,2.4,9,21.6,10,7,3,33,2,48,6.13,High
DEV1450,8.2,0.5,4,11.1,16,6,1,31,3,39,3.21,Medium
DEV1451,8.7,1.0,6,11.3,12,7,3,38,3,42,3.482,Medium
DEV1452,10.8,2.8,10,18.4,13,4,3,30,2,53,7.081,High
DEV1453,8.6,1.0,10,10.7,11,5,2,21,4,51,4.956,Medium
DEV1454,12.1,4.4,9,20.5,11,2,3,36,1,41,7.964,High
DEV1455,9.0,0.3,9,10.1,16,10,2,30,3,19,3.57,Medium
DEV1456,5.6,0.6,5,7.7,12,10,2,30,5,21,1.269,Low
DEV1457,9.3,2.2,6,9.1,16,9,2,24,1,20,3.345,Medium
DEV1458,8.8,1.1,6,17.4,13,8,2,22,1,37,4.267,Medium
DEV1459,10.1,2.6,7,11.1,16,5,3,20,2,56,4.954,Medium
DEV1460,9.2,1.2,7,7.5,12,7,2,28,3,50,3.706,Medium
DEV1461,8.0,0.5,5,10.0,15,9,2,9,3,25,2.679,Low
DEV1462,6.4,0.6,5,12.8,15,10,2,25,4,27,2.184,Low
DEV1463,7.9,0.2,7,8.3,13,8,3,26,3,37,2.846,Low
DEV1464,6.9,0.4,3,6.0,15,7,1,24,3,43,1.628,Low
DEV1465,7.3,0.2,1,21.2,16,10,2,21,4,16,2.521,Low
DEV1466,9.1,1.1,7,9.9,8,7,4,36,2,55,4.064,Medium
DEV1467,10.7,3.0,10,14.4,17,5,4,34,1,54,5.921,High
DEV1468,8.8,1.4,7,12.4,5,7,3,18,2,46,4.155,Medium
DEV1469,6.4,0.1,3,9.7,12,9,3,14,3,41,1.766,Low
DEV1470,8.9,1.3,7,17.3,12,7,3,16,3,42,4.462,Medium
DEV1471,10.0,2.5,11,21.3,14,7,4,30,2,26,6.714,High
DEV1472,7.3,0.2,5,11.5,20,9,0,12,4,27,2.503,Low
DEV1473,8.0,0.2,5,6.8,6,7,1,30,2,20,2.7,Low
DEV1474,8.2,0.3,6,20.0,11,8,3,32,3,37,4.088,Medium
DEV1475,7.0,0.1,4,11.9,6,9,1,12,4,27,1.956,Low
DEV1476,9.2,1.2,10,24.7,13,9,3,22,4,28,5.872,High
DEV1477,8.0,0.4,5,1.8,15,10,2,22,2,37,1.469,Low
DEV1478,8.8,0.5,6,14.6,19,8,1,30,3,28,3.753,Medium
DEV1479,6.9,0.4,4,22.0,15,8,2,32,4,30,3.67,Medium
DEV1480,7.5,0.5,7,12.4,18,7,3,7,3,37,3.882,Medium
DEV1481,9.3,1.7,11,15.5,15,7,5,22,3,18,5.264,High
DEV1482,7.6,0.0,6,15.1,12,9,2,19,3,26,3.101,Low
DEV1483,10.8,3.2,10,13.2,6,5,4,16,2,20,6.476,High
DEV1484,7.6,0.2,6,12.0,15,8,3,17,3,27,3.213,Medium
DEV1485,8.5,0.6,2,9.5,7,7,1,26,4,45,2.754,Low
DEV1486,9.6,1.9,9,12.3,17,6,4,22,2,45,4.88,Medium
DEV1487,6.1,0.5,4,18.5,14,7,3,5,4,31,3.104,Low
DEV1488,5.6,0.3,3,14.1,20,9,2,40,5,29,1.916,Low
DEV1489,5.9,0.0,2,12.5,13,9,2,19,4,18,1.448,Low
DEV1490,10.1,2.0,8,18.8,13,7,2,27,2,36,5.175,Medium
DEV1491,7.4,0.1,5,11.7,15,8,1,12,2,62,2.708,Low
DEV1492,12.0,4.4,12,13.3,10,4,4,32,1,67,7.681,High
DEV1493,7.4,0.3,5,10.0,12,9,2,19,4,29,2.492,Low
DEV1494,8.5,0.8,10,16.0,15,9,3,7,2,30,4.785,Medium
DEV1495,10.5,3.2,9,10.1,8,7,3,18,1,27,5.236,High
DEV1496,11.2,4.5,7,11.7,6,4,3,34,1,40,5.877,High
DEV1497,11.3,4.1,9,12.8,16,4,1,44,1,52,6.746,High
DEV1498,10.0,2.5,7,24.8,15,5,4,28,3,39,6.422,High
DEV1499,9.7,2.1,4,1.0,12,6,2,34,2,50,3.222,Medium
DEV1500,9.1,1.5,10,15.1,19,6,3,22,3,56,5.126,Medium
DEV1501,9.4,2.4,9,24.0,11,7,3,24,3,40,6.308,High
DEV1502,7.4,0.1,6,14.2,19,9,3,29,4,30,3.274,Medium
DEV1503,7.0,0.2,5,16.8,15,10,3,33,5,8,2.878,Low
DEV1504,8.2,0.7,4,12.9,9,10,3,32,4,32,2.529,Low
DEV1505,7.9,0.1,5,9.7,21,10,3,13,3,13,2.351,Low
DEV1506,7.5,0.0,7,3.0,18,9,4,20,5,24,2.272,Low
DEV1507,9.2,1.8,6,14.6,12,8,3,26,3,42,4.227,Medium
DEV1508,9.6,2.1,3,7.9,15,6,2,23,2,51,3.61,Medium
DEV1509,8.3,1.0,6,9.6,12,9,1,25,3,24,3.252,Medium
DEV1510,10.4,2.7,8,12.3,15,7,4,33,3,32,4.96,Medium
DEV1511,6.5,0.4,5,21.7,5,10,2,27,4,18,2.969,Low
DEV1512,7.9,0.0,7,26.2,10,9,2,35,5,17,4.582,Medium
DEV1513,7.1,0.5,6,14.7,18,8,1,17,4,26,3.234,Medium
DEV1514,5.4,0.0,3,9.5,15,9,2,5,5,12,1.527,Low
DEV1515,8.1,0.8,8,8.9,14,8,3,25,3,39,3.265,Medium
DEV1516,8.0,0.3,3,14.1,8,10,0,37,3,28,2.674,Low
DEV1517,10.5,2.7,9,24.3,19,5,3,23,2,50,7.191,High
DEV1518,9.1,1.8,9,14.2,17,8,2,29,3,23,4.71,Medium
DEV1519,6.7,0.5,2,1.0,14,10,4,24,4,13,0.622,Low
DEV1520,11.0,2.6,7,17.6,9,5,2,29,2,45,5.826,High
DEV1521,10.0,2.7,7,19.1,16,7,2,26,2,37,5.341,High
DEV1522,9.1,0.6,6,5.7,21,4,2,16,3,47,3.738,Medium
DEV1523,7.9,0.0,7,15.1,17,7,4,3,3,34,4.169,Medium
DEV1524,6.8,0.5,3,14.1,23,8,2,10,5,50,2.536,Low
DEV1525,7.6,0.1,4,12.0,10,8,1,18,2,37,2.436,Low
DEV1526,9.8,1.8,6,9.6,9,7,3,34,3,56,4.111,Medium
DEV1527,11.0,3.4,12,22.3,6,5,2,27,1,57,7.775,High
DEV1528,10.5,3.8,9,13.4,13,5,3,22,2,62,6.045,High
DEV1529,7.5,0.0,5,5.6,15,10,4,13,4,14,2.104,Low
DEV1530,6.5,0.0,4,2.2,14,9,3,24,4,34,1.326,Low
DEV1531,8.4,1.5,9,21.7,16,6,3,33,3,36,5.38,High
DEV1532,5.5,0.6,1,13.7,20,10,3,25,5,8,1.23,Low
DEV1533,8.7,1.2,9,15.8,7,7,5,28,3,51,4.875,Medium
DEV1534,8.0,0.0,6,11.4,11,7,4,10,4,34,3.007,Low
DEV1535,7.5,0.6,5,10.4,17,10,3,18,3,14,2.477,Low
DEV1536,5.8,0.5,8,9.4,13,10,4,33,4,20,2.028,Low
DEV1537,9.0,1.8,6,11.4,10,9,2,32,3,21,3.805,Medium
DEV1538,7.4,0.0,5,2.4,18,9,3,8,4,22,1.841,Low
DEV1539,6.4,0.2,1,6.9,10,10,1,18,4,22,0.951,Low
DEV1540,4.0,0.2,3,10.2,15,10,2,16,5,42,0.725,Low
DEV1541,8.2,0.8,10,19.0,15,7,0,16,4,30,5.154,Medium
DEV1542,10.9,4.0,13,17.6,9,6,4,9,1,57,7.127,High
DEV1543,10.7,3.6,12,21.2,14,5,3,28,3,53,7.244,High
DEV1544,7.5,0.0,5,19.7,12,10,3,14,4,28,3.152,Low
DEV1545,7.3,0.5,4,17.7,20,9,2,14,3,36,3.2,Low
DEV1546,8.9,1.5,3,14.2,12,9,3,20,2,29,3.199,Low
DEV1547,6.7,0.3,8,14.9,17,10,2,18,4,37,3.45,Medium
DEV1548,8.7,1.8,7,9.3,16,5,4,23,3,50,4.453,Medium
DEV1549,9.3,1.4,7,17.9,10,9,5,17,4,12,4.592,Medium
DEV1550,10.0,2.5,11,25.0,4,5,4,24,1,47,6.878,High
DEV1551,8.0,0.1,4,14.1,15,10,3,7,3,32,2.573,Low
DEV1552,7.9,0.0,6,23.2,14,8,3,24,3,30,4.077,Medium
DEV1553,6.9,0.3,4,4.8,17,10,2,2,4,26,1.373,Low
DEV1554,7.0,0.7,6,7.8,13,10,3,17,5,18,2.081,Low
DEV1555,7.9,0.0,5,17.3,12,9,1,29,3,15,3.224,Medium
DEV1556,8.8,1.3,4,13.7,21,8,2,15,3,17,3.682,Medium
DEV1557,9.6,2.4,8,21.4,6,7,1,30,2,21,5.795,High
DEV1558,7.0,0.2,6,13.5,17,7,2,29,4,43,3.491,Medium
DEV1559,10.4,2.9,8,10.5,9,6,3,2,2,16,4.83,Medium
DEV1560,7.8,0.0,7,13.1,12,7,3,20,3,30,3.662,Medium
DEV1561,8.2,0.8,5,5.3,12,8,2,2,4,25,2.743,Low
DEV1562,7.1,0.0,4,6.8,11,8,2,19,5,30,2.311,Low
DEV1563,4.6,0.0,1,15.5,19,10,0,15,5,6,0.82,Low
DEV1564,9.5,2.5,9,19.8,18,8,2,5,4,37,5.46,High
DEV1565,9.3,2.2,8,16.6,14,8,2,39,2,20,5.097,Medium
DEV1566,7.8,0.2,7,5.6,14,9,2,23,4,40,2.502,Low
DEV1567,8.3,0.9,8,13.0,9,8,3,15,4,26,3.788,Medium
DEV1568,9.0,1.9,9,9.3,15,7,2,35,2,36,4.1,Medium
DEV1569,5.9,0.2,4,18.3,24,10,1,3,3,25,2.25,Low
DEV1570,7.4,0.4,4,9.5,12,8,0,10,2,35,2.112,Low
DEV1571,9.4,1.8,7,8.8,11,8,2,6,4,33,3.872,Medium
DEV1572,6.3,0.5,3,11.9,13,9,1,33,4,24,2.159,Low
DEV1573,8.6,1.2,6,10.4,11,7,2,25,3,40,3.408,Medium
DEV1574,6.2,0.2,3,19.2,4,10,1,23,3,29,2.472,Low
DEV1575,8.9,0.9,5,9.3,14,7,2,26,4,29,3.549,Medium
DEV1576,8.1,0.7,2,4.2,10,9,2,26,3,33,1.589,Low
DEV1577,5.8,0.0,2,1.0,9,10,3,18,4,36,-0.082,Low
DEV1578,9.9,2.1,9,15.2,15,7,3,27,2,44,5.387,High
DEV1579,7.1,0.0,2,8.4,10,10,0,21,3,34,1.359,Low
DEV1580,7.0,0.0,5,5.9,13,8,1,15,4,34,2.059,Low
DEV1581,8.5,1.8,10,21.9,19,7,3,22,4,27,5.591,High
DEV1582,9.9,2.9,10,19.3,6,6,2,27,2,32,6.297,High
DEV1583,6.7,0.6,7,14.1,8,9,0,20,4,32,3.242,Medium
DEV1584,8.3,0.3,7,21.0,14,9,4,10,3,38,4.728,Medium
DEV1585,8.8,1.3,9,18.7,17,8,4,12,3,60,4.992,Medium
DEV1586,9.2,1.2,6,9.5,6,8,3,33,4,42,3.852,Medium
DEV1587,8.5,0.7,5,7.8,15,7,2,20,3,25,3.142,Low
DEV1588,7.6,0.0,1,14.7,16,8,2,25,4,25,2.33,Low
DEV1589,7.0,0.4,7,16.2,6,9,2,11,4,51,3.43,Medium
DEV1590,8.3,0.6,9,16.2,16,7,3,10,4,34,4.386,Medium
DEV1591,6.6,0.4,4,8.2,18,10,1,12,5,25,1.741,Low
DEV1592,4.0,0.3,1,13.6,15,10,3,12,5,15,0.422,Low
DEV1593,8.9,2.3,5,9.2,18,10,1,18,3,40,2.877,Low
DEV1594,9.6,1.5,8,14.3,17,8,4,35,3,38,4.632,Medium
DEV1595,4.7,0.5,4,19.6,17,10,2,16,3,17,2.509,Low
DEV1596,6.7,0.4,1,7.3,13,10,1,34,3,15,1.306,Low
DEV1597,9.1,1.2,8,6.9,9,5,3,27,2,48,4.213,Medium
DEV1598,11.3,4.2,9,10.1,11,7,4,9,1,37,5.671,High
DEV1599,8.2,0.8,7,19.2,16,7,4,30,2,45,4.737,Medium
DEV1600,7.1,0.2,5,14.3,13,9,3,8,4,34,2.534,Low
DEV1601,7.9,0.0,5,12.4,5,6,1,23,4,38,3.491,Medium
DEV1602,10.3,2.5,8,12.3,17,6,3,20,2,35,5.054,Medium
DEV1603,7.2,0.6,4,14.8,15,8,4,37,3,31,2.926,Low
DEV1604,7.0,0.2,6,9.4,13,9,4,31,4,23,2.388,Low
DEV1605,7.5,0.4,6,15.1,17,8,3,15,2,31,3.527,Medium
DEV1606,6.8,0.0,5,9.3,21,8,3,18,4,33,2.48,Low
DEV1607,8.4,0.6,4,7.9,2,7,3,24,3,28,3.008,Low
DEV1608,10.6,3.5,8,11.6,13,5,4,34,2,51,5.71,High
DEV1609,8.7,0.7,8,12.9,7,6,2,23,2,37,4.474,Medium
DEV1610,7.8,0.1,6,13.4,16,8,1,13,4,24,3.671,Medium
DEV1611,7.8,0.2,7,15.4,14,9,3,15,3,25,3.215,Medium
DEV1612,5.9,0.2,7,1.0,18,10,2,17,4,27,1.649,Low
DEV1613,9.5,1.9,9,11.4,10,7,2,34,3,37,4.712,Medium
DEV1614,8.1,0.8,6,11.6,6,7,2,25,5,41,3.664,Medium
DEV1615,7.9,0.3,5,20.5,12,8,5,15,3,41,3.815,Medium
DEV1616,13.0,5.8,7,8.8,11,2,3,37,1,70,6.799,High
DEV1617,8.6,0.7,6,14.4,17,7,3,20,3,39,4.057,Medium
DEV1618,7.1,0.1,4,19.9,10,10,1,27,4,14,3.148,Low
DEV1619,7.6,0.4,6,7.0,18,9,1,41,4,26,2.555,Low
DEV1620,9.9,2.8,8,16.8,9,7,2,22,4,26,5.302,High
DEV1621,8.4,0.4,6,9.6,15,8,4,29,3,49,3.882,Medium
DEV1622,6.0,0.3,1,8.1,13,10,2,12,4,44,1.11,Low
DEV1623,9.6,1.3,6,9.6,13,7,3,24,4,43,4.087,Medium
DEV1624,7.2,0.2,5,9.3,18,8,3,20,5,41,2.459,Low
DEV1625,11.0,4.3,13,30.0,6,7,3,26,1,39,8.235,High
DEV1626,9.8,1.9,7,18.4,9,4,4,45,2,52,5.704,High
DEV1627,7.5,0.0,6,19.1,15,8,2,18,5,17,3.976,Medium
DEV1628,10.1,2.9,10,18.5,21,5,4,30,4,44,6.262,High
DEV1629,8.3,0.2,5,5.0,10,10,3,7,4,16,1.816,Low
DEV1630,9.5,1.7,8,16.8,20,9,1,28,2,31,4.778,Medium
DEV1631,8.9,1.6,5,18.4,21,9,2,32,2,28,4.094,Medium
DEV1632,6.9,0.1,6,9.3,14,9,1,15,5,48,2.266,Low
DEV1633,7.2,0.2,5,17.8,13,10,3,2,4,34,2.762,Low
DEV1634,9.7,2.5,8,18.3,9,7,3,25,1,39,5.728,High
DEV1635,7.7,0.3,4,21.7,13,10,0,21,3,22,3.411,Medium
DEV1636,7.6,0.3,7,12.1,8,9,3,26,4,45,2.877,Low
DEV1637,6.8,0.1,8,9.3,14,9,2,35,4,28,2.531,Low
DEV1638,8.8,1.4,5,11.2,19,7,1,20,2,40,3.568,Medium
DEV1639,11.3,3.8,9,22.6,8,4,5,21,1,49,7.557,High
DEV1640,6.6,0.3,5,3.9,14,10,2,9,3,20,1.549,Low
DEV1641,8.2,0.5,8,4.5,7,9,2,23,4,29,3.036,Low
DEV1642,10.3,2.7,7,14.6,13,6,2,30,2,21,4.992,Medium
DEV1643,8.1,0.2,1,8.4,14,10,0,17,4,9,1.555,Low
DEV1644,8.9,1.4,9,15.4,13,4,2,30,4,52,5.775,High
DEV1645,6.6,0.0,6,18.3,14,10,4,22,4,40,3.277,Medium
DEV1646,8.8,0.9,3,9.0,12,8,1,23,3,36,2.792,Low
DEV1647,7.9,0.3,4,3.0,16,10,2,14,4,17,2.0,Low
DEV1648,9.7,2.3,10,26.2,12,6,1,21,2,26,6.912,High
DEV1649,10.0,2.8,11,11.6,13,6,2,6,3,48,5.929,High
DEV1650,12.1,4.4,12,11.9,11,5,4,32,1,39,7.109,High
DEV1651,9.1,1.8,7,19.7,17,9,3,24,2,35,4.504,Medium
DEV1652,8.7,1.4,7,12.3,16,7,4,24,4,40,3.945,Medium
DEV1653,8.5,1.2,6,13.3,14,8,4,27,4,37,3.756,Medium
DEV1654,7.7,0.0,8,17.2,20,10,2,24,3,25,3.588,Medium
DEV1655,8.7,1.3,5,18.4,15,5,3,22,4,48,4.356,Medium
DEV1656,7.8,0.3,4,10.7,19,8,2,21,4,31,2.465,Low
DEV1657,8.5,1.0,8,22.4,16,9,5,11,3,22,4.726,Medium
DEV1658,10.2,1.9,8,4.1,4,7,4,21,3,27,4.195,Medium
DEV1659,6.7,0.2,7,18.0,20,10,3,19,4,5,3.247,Medium
DEV1660,9.9,3.3,7,10.0,13,5,3,19,2,43,5.016,Medium
DEV1661,10.2,2.6,8,21.7,12,5,4,33,2,60,6.153,High
DEV1662,8.0,0.1,4,13.1,15,8,3,16,2,40,2.935,Low
DEV1663,5.0,0.3,3,8.4,15,10,4,17,4,27,1.264,Low
DEV1664,7.3,0.3,2,14.5,15,8,0,21,4,25,2.531,Low
DEV1665,10.1,3.1,8,19.3,9,6,3,32,1,50,5.679,High
DEV1666,8.2,0.2,4,15.6,18,7,2,29,4,35,3.21,Medium
DEV1667,6.7,0.3,6,8.5,14,10,4,24,5,40,2.238,Low
DEV1668,7.4,0.3,7,11.8,12,8,4,3,5,23,3.215,Medium
DEV1669,9.5,1.9,4,12.4,9,6,2,34,2,33,4.055,Medium
DEV1670,9.0,1.6,10,15.8,14,5,5,36,3,36,5.477,High
DEV1671,7.8,0.4,10,19.7,14,7,5,17,3,22,5.091,Medium
DEV1672,7.6,0.4,6,3.5,15,9,2,23,4,19,2.05,Low
DEV1673,7.6,0.0,4,14.1,10,7,5,14,4,38,3.053,Low
DEV1674,6.8,0.4,10,14.6,8,10,3,4,4,17,3.41,Medium
DEV1675,10.6,3.1,6,9.4,14,3,2,21,3,14,5.524,High
DEV1676,7.7,0.2,6,9.9,20,8,3,17,3,43,2.896,Low
DEV1677,10.0,2.5,9,14.3,8,6,2,23,2,24,5.652,High
DEV1678,10.5,2.9,11,1.0,18,5,3,19,2,50,4.791,Medium
DEV1679,9.7,2.7,8,11.3,13,5,4,19,1,45,5.527,High
DEV1680,7.6,0.2,5,8.6,14,8,2,21,3,54,2.835,Low
DEV1681,8.8,0.9,5,15.7,11,6,1,17,3,50,3.808,Medium
DEV1682,8.2,0.5,6,9.6,8,8,3,26,3,27,2.96,Low
DEV1683,6.8,0.2,3,10.7,18,10,1,25,5,17,1.846,Low
DEV1684,8.7,1.7,7,21.9,10,7,3,42,2,52,4.876,Medium
DEV1685,6.4,0.3,2,16.2,12,10,2,27,5,10,1.974,Low
DEV1686,10.0,2.2,6,18.1,16,7,4,27,3,38,5.135,Medium
DEV1687,7.5,0.7,8,12.3,6,10,4,16,3,23,3.183,Low
DEV1688,8.5,1.1,6,16.3,7,4,3,25,2,45,4.908,Medium
DEV1689,8.6,1.6,4,11.2,13,7,1,25,1,40,3.281,Medium
DEV1690,7.8,0.2,5,12.0,15,10,3,17,3,26,2.131,Low
DEV1691,9.1,1.8,8,16.8,15,6,5,30,3,45,5.366,High
DEV1692,7.5,0.4,2,8.2,13,10,1,9,4,26,1.745,Low
DEV1693,9.5,2.5,8,22.3,22,8,4,23,3,37,6.081,High
DEV1694,6.2,0.4,2,10.4,14,9,1,22,4,29,1.139,Low
DEV1695,8.4,1.2,10,19.1,12,7,2,20,3,30,5.42,High
DEV1696,11.1,3.5,10,23.3,8,3,3,26,1,53,7.366,High
DEV1697,6.7,0.1,4,17.6,15,9,3,18,3,21,3.141,Low
DEV1698,7.2,0.3,3,4.8,17,8,3,13,4,25,1.798,Low
DEV1699,9.0,1.9,7,16.4,18,7,2,33,2,33,4.53,Medium
DEV1700,8.5,0.9,8,19.1,7,6,3,14,2,39,5.196,Medium
DEV1701,8.7,1.6,6,18.1,12,8,2,25,3,33,4.229,Medium
DEV1702,8.9,2.0,6,8.0,15,8,1,27,3,42,3.53,Medium
DEV1703,9.2,1.3,8,11.5,15,5,2,16,4,40,4.811,Medium
DEV1704,9.9,2.1,7,19.2,12,8,2,26,3,34,5.459,High
DEV1705,8.8,1.2,6,9.8,15,8,3,16,4,34,3.823,Medium
DEV1706,7.8,0.3,2,9.7,10,9,3,32,4,22,1.851,Low
DEV1707,9.2,1.5,9,23.3,19,6,1,15,3,41,6.202,High
DEV1708,11.0,4.0,10,15.8,15,5,3,22,1,55,6.751,High
DEV1709,8.0,0.3,4,8.8,8,10,1,12,4,26,1.857,Low
DEV1710,6.7,0.2,8,10.4,10,9,3,8,4,31,2.751,Low
DEV1711,9.9,1.8,9,17.1,8,9,2,38,3,21,5.507,High
DEV1712,8.0,0.0,4,5.7,16,9,1,26,4,48,2.042,Low
DEV1713,4.9,0.3,4,11.2,11,10,3,16,5,18,1.65,Low
DEV1714,9.5,1.1,8,16.5,11,7,2,19,2,20,4.878,Medium
DEV1715,7.4,0.4,6,20.1,16,10,2,28,3,33,3.402,Medium
DEV1716,8.1,0.5,5,16.3,13,6,0,15,4,39,3.965,Medium
DEV1717,8.7,2.5,7,10.6,14,7,3,29,3,33,4.117,Medium
DEV1718,8.5,1.9,6,19.5,9,6,3,16,3,35,4.581,Medium
DEV1719,9.3,1.7,9,13.9,15,6,3,19,2,59,4.919,Medium
DEV1720,7.5,0.2,2,5.0,11,10,0,27,4,28,1.332,Low
DEV1721,9.0,1.9,7,13.3,11,7,4,30,2,42,4.334,Medium
DEV1722,7.8,0.5,9,22.6,15,7,2,26,5,38,5.105,Medium
DEV1723,9.3,1.1,6,14.4,13,7,2,16,2,39,4.297,Medium
DEV1724,9.1,0.9,6,13.7,13,6,5,20,1,54,4.343,Medium
DEV1725,6.8,0.1,4,20.6,11,10,1,20,4,22,3.149,Low
DEV1726,9.8,2.5,5,5.8,11,5,3,18,3,30,3.8,Medium
DEV1727,7.4,0.3,2,4.8,14,9,2,31,4,37,1.474,Low
DEV1728,9.4,2.3,7,6.1,7,8,3,5,3,37,3.841,Medium
DEV1729,8.8,0.8,7,16.1,11,7,3,17,3,38,4.607,Medium
DEV1730,11.0,2.6,9,16.2,13,6,3,23,1,45,5.757,High
DEV1731,7.9,0.4,5,20.7,8,7,3,2,2,33,4.171,Medium
DEV1732,7.7,0.0,6,14.8,18,10,2,10,2,25,3.333,Medium
DEV1733,8.2,0.0,8,12.8,18,9,4,27,4,27,3.52,Medium
DEV1734,7.7,0.2,5,13.0,9,8,1,21,4,27,3.147,Low
DEV1735,9.4,2.2,6,14.2,18,6,3,37,3,52,4.836,Medium
DEV1736,5.8,0.2,3,3.4,15,10,3,29,5,10,0.515,Low
DEV1737,6.6,0.1,6,27.2,16,9,3,22,5,52,4.487,Medium
DEV1738,6.6,0.2,7,16.8,13,10,4,21,4,33,3.2,Low
DEV1739,9.6,2.0,6,14.7,16,5,2,25,2,27,5.054,Medium
DEV1740,10.8,2.8,10,19.1,13,5,1,6,1,42,6.378,High
DEV1741,8.0,0.1,6,17.1,10,8,2,10,5,31,3.889,Medium
DEV1742,7.9,0.3,4,11.7,9,8,1,22,4,36,2.901,Low
DEV1743,8.3,0.9,7,11.0,7,8,2,27,2,23,3.895,Medium
DEV1744,9.9,2.5,6,16.6,13,6,1,28,1,41,5.068,Medium
DEV1745,6.8,0.0,1,12.5,17,10,1,12,5,23,1.292,Low
DEV1746,8.6,1.0,7,10.2,16,8,2,30,2,25,3.464,Medium
DEV1747,9.7,1.3,7,21.3,12,7,0,37,4,28,5.199,Medium
DEV1748,9.0,1.6,8,16.3,8,3,3,31,1,62,5.426,High
DEV1749,8.5,1.6,6,17.2,10,8,5,30,4,16,4.448,Medium
DEV1750,9.7,1.6,6,20.6,17,5,3,20,3,49,5.756,High
DEV1751,4.1,0.1,1,10.7,15,10,1,22,5,32,0.481,Low
DEV1752,9.2,1.8,5,14.6,13,9,2,25,2,26,3.701,Medium
DEV1753,7.2,0.5,7,18.3,10,8,2,24,5,33,3.527,Medium
DEV1754,5.5,0.1,1,7.0,17,10,2,19,5,36,0.709,Low
DEV1755,9.0,1.2,7,14.5,11,7,3,23,2,29,4.721,Medium
DEV1756,10.3,2.0,7,14.8,16,7,2,19,1,30,4.843,Medium
DEV1757,8.0,0.2,7,9.4,17,9,4,21,4,24,2.957,Low
DEV1758,9.6,2.9,7,25.8,10,8,1,33,2,44,5.927,High
DEV1759,10.6,3.2,8,7.8,11,6,3,23,1,53,5.345,High
DEV1760,10.2,2.7,10,9.5,10,6,3,33,2,27,5.39,High
DEV1761,10.7,3.3,10,22.6,6,5,5,33,1,55,7.169,High
DEV1762,9.3,1.8,8,18.4,9,8,3,22,2,41,5.026,Medium
DEV1763,8.3,0.5,5,7.9,14,6,2,33,4,56,2.895,Low
DEV1764,5.8,0.4,1,13.6,17,10,1,14,5,28,1.091,Low
DEV1765,7.8,0.2,6,20.9,14,8,2,33,4,32,3.908,Medium
DEV1766,6.9,0.2,4,12.2,13,10,1,23,3,36,2.333,Low
DEV1767,11.5,3.6,12,30.0,14,4,3,28,1,55,8.703,High
DEV1768,7.9,0.5,5,4.4,14,7,0,14,3,59,2.404,Low
DEV1769,8.4,1.2,7,17.7,16,8,2,22,2,42,4.221,Medium
DEV1770,9.0,1.3,5,18.8,6,6,2,22,3,42,4.612,Medium
DEV1771,8.3,1.2,10,20.5,0,5,3,12,4,33,6.12,High
DEV1772,10.7,3.0,9,14.4,12,6,1,25,2,35,5.82,High
DEV1773,7.3,0.0,6,12.1,8,10,2,14,3,10,2.443,Low
DEV1774,8.5,0.7,5,15.2,12,8,3,27,3,30,3.615,Medium
DEV1775,7.1,0.0,5,17.1,13,10,2,30,3,34,3.191,Low
DEV1776,6.2,0.3,1,13.6,21,9,1,8,5,28,1.579,Low
DEV1777,7.3,0.0,5,18.2,16,7,2,34,4,47,3.374,Medium
DEV1778,8.1,0.1,5,7.9,14,8,2,21,3,36,2.54,Low
DEV1779,7.6,0.0,6,12.5,17,8,2,13,3,28,3.156,Low
DEV1780,7.2,0.2,6,8.9,16,8,3,26,4,33,2.828,Low
DEV1781,6.1,0.2,1,8.7,13,10,4,14,4,29,1.141,Low
DEV1782,8.1,0.5,4,17.5,18,7,1,21,3,38,3.471,Medium
DEV1783,5.9,0.0,4,12.9,11,8,2,14,3,34,2.07,Low
DEV1784,9.3,1.3,11,29.6,14,6,3,18,3,33,6.945,High
DEV1785,8.3,1.0,6,14.6,7,6,2,28,3,36,4.287,Medium
DEV1786,6.0,0.1,5,13.3,16,10,3,15,4,47,1.898,Low
DEV1787,7.7,0.3,5,13.5,15,8,0,9,4,45,2.999,Low
DEV1788,7.1,0.0,8,11.6,21,10,2,24,4,10,2.771,Low
DEV1789,8.7,1.3,3,11.5,7,9,3,13,2,5,3.008,Low
DEV1790,10.2,3.2,9,21.0,9,6,3,17,1,41,6.506,High
DEV1791,5.4,0.3,1,11.2,19,9,1,26,4,37,1.381,Low
DEV1792,8.4,0.7,2,7.2,15,10,2,13,3,19,2.048,Low
DEV1793,8.0,0.3,6,9.0,14,10,3,3,3,35,2.499,Low
DEV1794,9.2,1.6,8,12.5,9,7,3,29,2,37,4.293,Medium
DEV1795,8.5,1.0,6,14.0,11,9,2,20,4,27,3.314,Medium
DEV1796,7.1,0.1,4,18.4,19,9,3,18,3,36,2.622,Low
DEV1797,7.7,0.2,11,9.9,14,6,3,18,3,35,4.248,Medium
DEV1798,7.0,0.2,4,10.8,16,8,3,21,5,30,2.343,Low
DEV1799,9.8,1.9,8,15.5,12,8,4,19,2,39,5.028,Medium
DEV1800,8.2,0.3,5,3.8,9,6,0,34,3,40,2.703,Low
DEV1801,11.1,3.0,10,11.8,15,5,3,16,2,64,6.012,High
DEV1802,8.1,0.0,5,9.6,15,8,1,25,3,39,2.767,Low
DEV1803,7.1,0.0,4,8.4,23,9,5,25,4,35,1.762,Low
DEV1804,5.9,0.2,7,15.2,11,10,2,11,4,24,2.935,Low
DEV1805,5.5,0.0,5,12.2,19,10,3,8,4,33,1.713,Low
DEV1806,5.8,0.3,4,9.6,10,9,2,25,4,25,1.532,Low
DEV1807,8.6,1.1,2,13.3,14,6,1,15,3,43,3.494,Medium
DEV1808,9.0,0.7,7,22.8,17,8,2,19,2,23,5.035,Medium
DEV1809,5.8,0.3,8,23.0,7,10,4,24,4,35,3.355,Medium
DEV1810,9.5,2.3,7,4.6,11,7,4,25,2,39,3.941,Medium
DEV1811,7.5,0.0,7,17.1,12,8,4,6,4,52,3.612,Medium
DEV1812,8.4,1.1,9,14.5,10,6,3,36,4,64,4.715,Medium
DEV1813,10.6,2.8,9,16.2,13,5,3,22,1,52,6.197,High
DEV1814,9.5,2.0,6,11.6,17,8,2,21,3,33,4.127,Medium
DEV1815,7.8,0.0,1,11.2,13,9,1,23,4,19,1.949,Low
DEV1816,6.9,0.0,6,14.4,15,10,1,24,4,34,2.7,Low
DEV1817,5.0,0.1,1,7.7,16,10,2,31,4,27,0.405,Low
DEV1818,7.1,0.2,5,8.5,14,10,1,6,3,30,2.102,Low
DEV1819,7.9,0.1,3,9.6,9,9,2,28,4,46,2.126,Low
DEV1820,6.7,0.0,4,13.6,19,10,2,25,3,16,2.531,Low
DEV1821,8.0,0.1,6,16.6,15,8,3,20,3,23,3.797,Medium
DEV1822,8.3,0.9,7,18.5,15,6,4,28,1,38,4.535,Medium
DEV1823,7.9,0.2,3,9.3,10,9,2,29,3,37,2.044,Low
DEV1824,7.2,0.2,7,15.6,12,10,3,9,3,30,3.17,Low
DEV1825,8.5,0.7,5,17.8,12,6,4,36,4,32,4.53,Medium
DEV1826,8.9,1.9,3,17.6,7,8,3,11,3,40,4.092,Medium
DEV1827,6.6,0.0,4,12.1,8,10,3,10,4,12,1.911,Low
DEV1828,10.3,3.0,9,14.3,9,5,3,24,2,36,5.733,High
DEV1829,8.1,1.1,6,14.6,16,7,3,37,4,35,3.698,Medium
DEV1830,8.2,0.9,9,9.7,11,8,2,19,3,27,3.86,Medium
DEV1831,9.3,1.7,7,13.2,8,6,3,24,2,49,5.111,Medium
DEV1832,8.5,0.8,6,17.3,10,7,3,34,3,39,4.348,Medium
DEV1833,9.6,2.5,6,16.8,10,7,2,22,2,54,4.541,Medium
DEV1834,8.6,0.5,8,13.4,12,6,4,13,2,38,4.275,Medium
DEV1835,7.3,0.0,5,14.1,23,7,1,17,4,35,3.075,Low
DEV1836,8.7,1.0,6,9.5,17,8,4,34,3,45,3.196,Low
DEV1837,6.5,0.4,1,14.1,19,10,3,19,4,24,1.562,Low
DEV1838,8.4,1.1,9,15.0,18,8,3,38,3,47,4.514,Medium
DEV1839,8.2,0.3,4,11.0,9,10,2,28,4,30,2.556,Low
DEV1840,7.9,0.1,4,10.6,9,9,3,16,3,5,2.668,Low
DEV1841,8.0,0.1,6,13.3,9,9,4,22,4,40,3.255,Medium
DEV1842,5.4,0.1,1,8.4,21,9,2,9,4,38,0.489,Low
DEV1843,7.4,0.4,3,15.1,12,10,2,15,3,34,2.199,Low
DEV1844,8.3,0.3,3,9.8,8,8,2,58,4,13,2.498,Low
DEV1845,8.4,1.5,8,22.8,11,8,4,30,1,26,5.129,Medium
DEV1846,6.7,0.4,4,19.7,14,9,2,26,5,23,3.232,Medium
DEV1847,10.1,3.0,14,13.9,13,7,4,21,1,28,6.429,High
DEV1848,6.9,0.1,3,12.1,15,8,3,32,3,50,2.31,Low
DEV1849,9.7,2.1,6,10.3,9,4,3,34,2,48,4.808,Medium
DEV1850,8.8,0.7,5,11.4,16,7,3,38,2,36,3.469,Medium
DEV1851,7.2,0.1,5,23.0,12,10,1,35,3,30,3.497,Medium
DEV1852,10.9,3.6,9,13.9,11,5,3,15,1,50,6.405,High
DEV1853,6.4,0.5,5,14.8,18,10,4,9,4,5,2.483,Low
DEV1854,9.6,1.7,6,16.3,10,7,2,17,2,30,4.644,Medium
DEV1855,9.7,2.1,5,8.0,10,6,2,17,3,26,3.923,Medium
DEV1856,7.2,0.2,1,6.3,17,6,2,22,5,45,2.09,Low
DEV1857,10.3,2.2,4,6.4,8,5,1,22,1,42,3.748,Medium
DEV1858,7.8,0.3,5,8.6,12,10,2,38,4,25,2.615,Low
DEV1859,8.6,0.8,6,1.0,15,7,3,38,4,16,2.405,Low
DEV1860,8.6,1.0,5,15.7,21,8,2,23,3,29,3.619,Medium
DEV1861,8.0,0.1,8,25.1,16,9,4,37,3,40,4.879,Medium
DEV1862,9.4,1.6,10,16.7,14,6,5,36,2,55,5.816,High
DEV1863,9.4,1.9,7,7.1,15,7,2,21,2,44,3.629,Medium
DEV1864,5.6,0.2,1,7.4,11,10,2,2,4,11,0.441,Low
DEV1865,10.2,2.6,7,11.9,12,5,3,24,1,57,5.226,High
DEV1866,5.7,0.1,2,6.1,15,9,3,12,4,36,1.409,Low
DEV1867,9.7,2.3,6,17.9,13,6,3,27,1,39,5.409,High
DEV1868,9.9,3.1,7,18.3,12,3,3,26,2,32,6.17,High
DEV1869,6.6,0.2,3,6.0,16,10,3,19,3,34,0.736,Low
DEV1870,7.6,0.4,5,16.6,13,9,3,25,4,23,3.236,Medium
DEV1871,6.5,0.0,3,19.4,15,10,1,9,4,28,2.562,Low
DEV1872,7.9,0.2,6,23.1,9,8,3,25,4,33,4.243,Medium
DEV1873,7.7,0.0,6,27.9,12,9,4,17,4,44,4.33,Medium
DEV1874,9.4,1.3,6,9.1,18,6,2,26,4,39,4.022,Medium
DEV1875,10.2,2.4,11,30.0,13,5,3,34,1,44,7.552,High
DEV1876,10.3,3.3,7,12.4,12,4,2,16,1,64,5.964,High
DEV1877,7.4,0.4,3,8.8,22,9,0,18,3,22,2.283,Low
DEV1878,7.9,0.2,6,15.2,8,8,2,20,4,41,3.662,Medium
DEV1879,5.7,0.0,2,8.3,11,10,2,13,3,23,0.958,Low
DEV1880,7.0,0.2,5,15.0,21,8,2,27,3,22,2.908,Low
DEV1881,9.6,2.2,3,5.2,12,6,1,19,2,41,3.236,Medium
DEV1882,10.6,3.2,11,15.4,10,5,2,22,2,51,6.888,High
DEV1883,6.3,0.0,5,19.4,10,9,3,12,4,42,3.204,Medium
DEV1884,7.3,0.0,2,10.9,16,9,4,29,4,43,1.921,Low
DEV1885,8.2,0.7,4,13.1,16,8,3,18,3,30,3.295,Medium
DEV1886,8.6,1.3,10,18.4,9,8,2,26,3,23,5.189,Medium
DEV1887,7.0,0.0,3,17.7,14,9,3,35,4,25,2.749,Low
DEV1888,8.8,1.2,5,4.7,12,7,2,23,3,25,3.146,Low
DEV1889,7.5,0.2,1,13.5,15,9,1,29,2,26,2.143,Low
DEV1890,8.2,1.0,6,12.3,9,7,2,35,4,33,3.862,Medium
DEV1891,9.0,1.8,7,15.0,18,7,3,32,1,44,4.592,Medium
DEV1892,8.2,0.9,8,20.1,17,10,4,22,2,5,4.199,Medium
DEV1893,7.5,0.0,3,5.8,12,8,2,26,4,25,1.72,Low
DEV1894,8.0,0.0,3,6.7,13,8,2,11,4,25,1.937,Low
DEV1895,8.1,0.4,6,3.9,13,8,3,15,1,44,2.179,Low
DEV1896,7.6,0.4,7,11.5,11,8,3,16,4,21,3.128,Low
DEV1897,7.8,0.5,3,18.5,12,8,3,39,4,35,3.102,Low
DEV1898,10.6,3.4,10,15.4,10,5,2,20,2,43,6.299,High
DEV1899,9.0,1.7,8,8.1,19,5,3,17,2,55,4.762,Medium
DEV1900,7.8,0.3,7,11.8,17,10,1,13,3,30,2.948,Low
DEV1901,9.2,1.5,7,6.8,16,8,2,28,2,34,3.588,Medium
DEV1902,7.7,0.2,1,5.0,15,7,1,22,3,31,1.705,Low
DEV1903,10.0,3.2,8,16.7,7,3,3,34,1,34,6.628,High
DEV1904,8.8,0.9,8,8.9,13,6,2,28,2,43,3.995,Medium
DEV1905,8.0,0.5,4,18.0,17,8,1,10,4,38,3.455,Medium
DEV1906,8.9,1.3,6,13.2,8,10,0,17,3,9,3.429,Medium
DEV1907,5.8,0.5,3,12.2,18,10,2,28,5,12,1.887,Low
DEV1908,6.5,0.0,1,9.2,24,8,1,17,4,35,1.739,Low
DEV1909,6.4,0.3,7,18.1,19,9,2,28,5,32,3.485,Medium
DEV1910,8.4,0.6,5,16.9,19,8,4,21,4,23,3.977,Medium
DEV1911,10.8,2.7,10,17.7,12,5,2,19,1,39,6.586,High
DEV1912,11.5,4.1,10,18.8,15,2,4,26,1,38,7.715,High
DEV1913,9.2,2.1,10,14.9,10,7,5,16,2,50,5.506,High
DEV1914,9.0,1.2,8,17.5,16,6,1,19,3,28,5.188,Medium
DEV1915,5.5,0.0,2,9.5,18,9,2,18,4,34,1.053,Low
DEV1916,7.4,0.2,4,12.4,15,9,2,24,4,28,2.699,Low
DEV1917,7.0,0.2,6,12.2,20,10,0,7,5,37,2.518,Low
DEV1918,7.3,0.3,1,8.3,12,10,0,20,4,17,1.214,Low
DEV1919,7.9,0.4,7,10.8,13,9,3,17,3,29,3.309,Medium
DEV1920,7.5,0.2,4,14.7,14,8,4,15,4,16,2.942,Low
DEV1921,5.2,0.6,5,19.6,12,10,3,17,3,5,2.718,Low
DEV1922,9.3,1.9,8,20.7,13,7,3,20,2,42,5.572,High
DEV1923,6.6,0.1,6,7.3,8,10,2,30,5,7,1.773,Low
DEV1924,8.6,0.5,7,20.6,17,7,4,32,3,34,4.817,Medium
DEV1925,11.3,3.7,6,12.0,11,4,5,38,1,59,6.0,High
DEV1926,6.8,0.1,3,14.8,12,10,1,15,4,32,1.949,Low
DEV1927,4.4,0.4,3,7.3,13,10,0,7,5,18,0.82,Low
DEV1928,7.8,0.3,6,14.3,13,9,0,22,3,13,3.064,Low
DEV1929,9.9,1.9,11,18.2,15,5,4,24,4,50,6.574,High
DEV1930,11.1,3.7,10,8.6,13,4,3,23,1,62,6.332,High
DEV1931,6.4,0.3,2,14.2,12,9,2,9,3,22,1.929,Low
DEV1932,8.9,2.0,5,19.7,9,10,0,23,2,16,4.482,Medium
DEV1933,7.5,0.4,6,12.7,17,8,2,17,4,27,3.421,Medium
DEV1934,8.0,0.4,1,17.4,11,9,1,27,3,34,2.761,Low
DEV1935,12.2,4.7,14,17.5,10,3,4,35,1,65,8.68,High
DEV1936,5.9,0.3,4,16.6,16,10,2,26,4,12,2.487,Low
DEV1937,8.6,1.6,9,4.3,14,8,2,13,4,18,3.331,Medium
DEV1938,8.9,0.9,4,24.5,16,7,1,27,3,60,4.739,Medium
DEV1939,9.8,2.2,10,23.5,7,5,4,19,3,43,6.807,High
DEV1940,8.3,0.5,11,15.2,6,10,3,12,3,27,4.23,Medium
DEV1941,8.7,1.4,4,2.5,11,9,3,19,3,22,2.233,Low
DEV1942,7.6,0.4,7,15.6,21,10,2,29,3,29,3.566,Medium
DEV1943,8.6,0.9,7,7.0,21,9,0,20,3,38,2.976,Low
DEV1944,7.7,0.0,3,14.0,21,9,1,33,5,31,2.499,Low
DEV1945,9.1,1.4,8,16.9,12,9,2,28,4,46,4.336,Medium
DEV1946,7.6,0.4,7,9.5,7,9,3,18,3,25,2.553,Low
DEV1947,8.8,1.5,5,18.6,3,8,5,32,3,30,4.356,Medium
DEV1948,8.2,0.9,9,19.4,11,6,4,25,3,43,5.175,Medium
DEV1949,9.9,2.3,5,17.9,11,5,5,18,2,49,5.23,High
DEV1950,8.1,0.1,3,11.8,19,7,3,37,4,39,2.633,Low
DEV1951,5.5,0.3,3,4.7,19,10,1,19,5,12,0.743,Low
DEV1952,10.1,2.3,9,20.3,13,3,3,26,2,56,6.939,High
DEV1953,6.8,0.6,3,10.4,11,9,4,12,4,25,2.0,Low
DEV1954,7.2,0.3,6,6.7,10,5,4,29,4,39,3.096,Low
DEV1955,7.3,0.1,5,19.8,15,8,2,24,3,33,3.632,Medium
DEV1956,10.3,2.6,10,26.5,14,5,3,31,2,35,7.013,High
DEV1957,5.0,0.2,2,11.0,17,10,0,11,5,13,1.165,Low
DEV1958,12.9,5.3,13,28.6,5,3,4,38,1,26,9.539,High
DEV1959,9.8,2.7,7,14.7,15,5,4,32,3,62,5.162,Medium
DEV1960,8.5,1.1,10,14.1,15,9,3,17,2,34,4.17,Medium
DEV1961,8.1,0.3,4,9.2,9,8,1,10,4,31,2.575,Low
DEV1962,8.6,1.9,10,24.2,10,7,3,27,2,30,5.91,High
DEV1963,9.0,1.5,8,10.9,15,6,3,11,2,12,4.49,Medium
DEV1964,9.2,2.0,5,16.7,12,6,2,25,3,33,4.449,Medium
DEV1965,9.0,1.3,10,13.2,19,6,3,20,3,48,5.281,High
DEV1966,8.3,0.9,7,11.9,15,8,2,32,2,42,3.827,Medium
DEV1967,7.9,0.3,7,19.4,12,9,4,18,3,35,3.935,Medium
DEV1968,8.0,0.0,8,12.9,13,10,3,30,3,26,3.194,Low
DEV1969,7.9,0.6,6,11.6,14,9,1,17,3,42,2.934,Low
DEV1970,9.9,2.9,7,19.9,9,3,2,33,1,49,6.278,High
DEV1971,9.1,1.4,9,23.4,9,7,3,40,3,47,5.47,High
DEV1972,4.0,0.0,2,14.4,20,10,3,5,4,21,0.848,Low
DEV1973,9.2,1.8,9,12.1,16,6,3,26,3,32,5.102,Medium
DEV1974,8.5,1.0,3,9.2,16,7,1,44,4,26,2.93,Low
DEV1975,8.2,0.8,7,14.6,19,7,3,22,3,26,4.407,Medium
DEV1976,7.6,0.2,4,14.0,12,7,2,21,4,43,3.06,Low
DEV1977,9.9,2.6,11,11.7,19,6,4,32,3,33,5.588,High
DEV1978,9.6,2.7,9,19.0,9,4,3,25,1,38,6.238,High
DEV1979,7.0,0.3,5,13.4,10,10,2,6,5,32,2.436,Low
DEV1980,8.8,0.9,7,5.6,6,10,3,32,4,28,2.648,Low
DEV1981,6.7,0.5,3,7.2,13,8,3,3,4,42,1.884,Low
DEV1982,6.1,0.5,6,11.1,13,9,2,14,5,34,2.446,Low
DEV1983,7.3,0.8,8,14.4,16,6,3,30,4,33,4.088,Medium
DEV1984,9.5,1.6,8,24.2,13,6,3,22,2,41,6.24,High
DEV1985,9.6,2.2,10,17.2,7,7,3,19,3,38,6.019,High
DEV1986,9.0,0.7,6,9.4,11,8,2,31,4,23,3.613,Medium
DEV1987,9.3,2.0,6,14.7,11,7,3,17,3,25,4.572,Medium
DEV1988,9.0,1.3,8,13.0,6,8,4,14,3,26,4.412,Medium
DEV1989,7.2,0.6,5,14.6,10,10,1,22,3,45,3.111,Low
DEV1990,8.8,1.0,6,16.5,10,10,1,22,3,20,3.842,Medium
DEV1991,9.4,1.2,8,20.8,18,6,1,14,3,53,5.423,High
DEV1992,9.3,1.6,8,14.7,13,5,2,29,3,40,5.258,High
DEV1993,10.0,1.7,7,22.4,15,6,3,29,2,49,5.905,High
DEV1994,9.3,2.1,8,19.3,6,5,1,21,3,54,5.541,High
DEV1995,8.7,0.4,8,11.3,18,8,2,21,2,42,3.763,Medium
DEV1996,9.8,2.3,8,25.8,17,5,3,29,3,48,6.8,High
DEV1997,8.2,0.0,9,17.0,5,8,3,31,3,46,3.995,Medium
DEV1998,6.9,0.1,2,7.0,12,10,1,17,4,28,0.94,Low
DEV1999,8.0,0.5,6,21.9,15,8,3,27,3,50,4.255,Medium
DEV2000,7.1,0.3,2,21.6,17,8,2,24,4,16,3.221,Medium
